x0,x1,x2,x3,x4
0.6791689386028874,-1.33968444479207,-3.691071234276134,0.33758654236989827,0.6535146714018394
0.16405381392136587,0.5381919964069577,-2.101620020467854,-2.2341125522639933,3.4546204898833865
-2.0399052601995935,1.9218241113199306,1.1158761640471275,1.0675180457306528,2.1342684635864595
-1.02204473020683,-0.5822386996429254,3.1146129637146,1.9967277168689335,-3.672334515602591
2.4813030417218322,-1.7348389565636766,-0.8270508039933433,-2.5464677839543017,0.12015550021773658
3.018212403658557,-1.2205686120555868,-5.85389253542,-1.1385189000807543,2.5741493222149807
1.8608779758072669,-1.8061409584634414,-3.460231309627888,0.7351916741843902,2.429469613577218
3.4150168401525405,-1.5187707397121293,-1.5174611452951932,-1.7034682096939866,0.9618774228296345
-2.304560543602175,0.9273297733737607,-2.015883087883633,0.3221844564801004,-1.8043022141555605
-1.4103053231516338,2.662311621453231,4.436992459877288,-2.8934289507744873,-0.7759707371287737
-1.971141613451432,1.747053562028545,2.207014772767223,1.6044614155539723,-3.305283480171954
-0.7434973013177824,1.9326750975471096,5.837896674926599,-2.0143266541313087,-0.49674751123180383
1.215282466010501,-2.352561755646332,-1.7470350060659472,2.8142289432651997,-2.6021087486653256
-3.029228591975479,2.335270419904119,4.746431916446411,0.35207920131752446,1.740341326379379
1.5017654689377324,-2.282722575368649,-1.6192823527783762,1.8647004374814784,-1.519378280774328
-2.839864266904635,1.8040341148306662,3.181379531917619,1.2307089714315649,-0.0724315005206142
0.71413087132106,-0.6985762151470547,0.1437926480727254,0.1648639938740346,0.8493142890943842
4.028755615004625,-1.1528946013847996,-3.207252557293918,1.1219360086484627,2.8185571541894285
0.4700750936333753,-1.4927084491207665,0.7974370189454426,1.0935271532019035,0.36435832542057833
0.10602530950080835,-2.8542218305610634,-3.0768126872408,1.542504123910834,-1.301715059227441
-2.760329702852513,2.5253047819625674,3.046656547025123,0.1762094817066635,0.8303890204283768
2.8191065953409153,-0.5529752547995914,-0.4258343620007998,-2.291749576096844,0.5946382338611422
-2.2506733383761253,0.33958676127129395,-2.555085993281192,2.7144619999163195,0.5922330404816707
-1.796155712759926,0.39804942759224915,4.450505061400489,2.113786300409278,-1.3162278157349279
1.7515565438545047,-1.6378451105167335,1.8885474742086636,-1.1650771771115238,-1.540812934535713
-2.44520598506255,2.395213390836486,2.2348052950647297,2.665835431894957,0.7778020308805939
4.098411509672871,-3.114672253964242,-1.0004794949052862,0.24050611172004643,-2.53196049417414
1.110894873578419,-0.34304782206722306,-2.7336303006508658,-1.3060939347577945,2.8896308559158843
0.7245546540880521,-0.4881029310625421,-3.8926751001823416,0.30418678886252526,1.4540458266354617
-1.5833063057267367,2.2942182129064115,1.0211117595653239,-2.110575405306844,0.03688395175346759
-0.32044482554920384,-0.07323016700757312,-2.338668127087007,-0.23462820742867035,0.43454287498484057
2.00430444699151,-0.008716492616900218,-0.8619750190820671,0.3502543571690052,3.8697741029454082
0.25598713002528917,-0.2277464982896349,-0.0495032037284826,1.0335451198582908,0.32424573727354344
2.1358454859312204,-3.5296812537883726,-2.929645035767124,1.622307051086244,0.176550679076648
-2.3485725152901704,0.23524076494935375,-0.7059919238471266,-0.6889045642634796,0.2786101462044712
1.3571470386669395,0.14299795126308756,-1.770501660633024,-0.07442222176582985,1.9036747910696792
0.8736909994235151,0.03533912677695106,-0.45548710008583404,-0.03238621636068628,0.8025503146522031
0.5748156575332386,-1.182277869042649,1.5963443721571973,3.6604002092671455,-0.9566265951053452
4.778552238957448,-4.113094247918221,-1.430782347894925,0.3416956487434142,-1.9811253997486573
2.711144967654153,-1.0917162439920054,-1.2912843633706474,-2.4574883765069964,3.302942693821521
-4.4161587186604505,0.380801645534353,-2.8612577546571236,2.962902236337536,-1.5558711873393591
3.109165676090699,0.635398285692135,3.331934052965779,-1.5098456718561668,3.1024792627608466
3.44375606139414,-3.267259380891734,-3.4877476598968733,2.7463244808420617,-1.4309942644620142
2.1637226904821736,-0.496592325604011,-1.6934408729421793,-2.3213639920422025,1.1003007646719185
4.403198628691317,-0.020817061465384534,-2.165676490953238,-0.6006608931723683,3.146687674600122
2.79698238076167,-2.6374767083349395,-2.9117690513085703,-1.3107105811140953,-0.7008368455300011
0.7047910469044538,0.9558340542955893,-1.602955823497358,-1.3919371747887985,1.309876961394569
-2.70849608526006,2.310283402550525,2.405916552758859,-1.522428683048268,0.6746529150270036
1.3700761311712468,-0.8883299262603679,-3.00601163533128,0.5386797275064666,-1.1201322920562355
3.8773742922218903,0.19073440632536875,-0.22513952283680672,-1.4414203540749764,3.2716037901586246
2.4747455586399427,-2.5481541504332563,-4.616942517664773,-0.9155813584977578,1.2131987901452366
-3.030989982625146,1.1750426558156348,0.3627056419636121,0.6410966821462993,2.1420176248442093
-1.8728683294369946,-0.11102509915588366,0.816923561444462,1.0703179656994304,-3.0210858315939833
-2.6786059501109727,1.342261803215831,4.156618936300177,-0.811286933733584,-0.0453337189257188
-3.8736624870524548,0.49215150719604983,0.8398177786435269,1.6639346448309151,-0.927704709067088
1.3316431428175455,-1.3860236461431348,0.8036080128929306,0.48293231056996433,1.2750891434254075
2.766727884825605,-2.018301468805735,-1.979894646771777,2.57826532959526,-0.7816318037520829
-0.12618130444780218,0.36504931932248585,1.6610602444325333,-0.22179908655964797,0.352549580515902
-1.3766651385620747,-0.6314948979379756,0.23854922426983727,0.5733439866228602,-0.3546570130923139
0.38977447542248633,-1.8406908685335548,-2.796228080078736,1.1331040314408332,-0.23787843445588552
-1.4037057154454713,2.3747021990136252,1.6587249736414513,-1.3918458396502458,2.2760502049299043
-0.09363613395353632,-0.6299630997008898,-0.35661412048506946,3.387453728875678,-1.4692167395921696
3.984077322625388,-3.3330186667273685,1.0656074316252024,1.2018196422758058,0.894539019771468
5.110621167402116,-3.123119999159898,-1.7083377927202874,0.49660453909485935,1.9088014163287652
0.11008602748286445,-1.9760290837813157,-2.241024298306143,3.1569517250575667,-0.6783116656185295
4.339558267125392,-2.965451791278581,-1.1721685231085504,-0.20198811079163004,1.2098713603442333
-0.19637928498446322,-0.9189889804067753,0.6147614465219384,3.4100342034245683,0.842150814670896
2.4514315482887,-3.607984795927953,-0.8762684012515597,-0.7242875133334009,0.5233221266438236
0.849501161415652,-1.658525145057563,-5.0721317702915805,0.10378293442689679,3.0254286505828327
2.468121370345701,-1.2818376996384684,-3.9565817365477978,-0.780148585885132,2.5268891705897314
-0.3212528787101906,-0.5941967356985868,-2.8922774949372205,1.3952936717117814,-1.2665954781626314
3.484844115764513,-0.6854494429962896,-0.7080543513234228,-4.393662624920068,2.3515570555606065
1.846062896912632,-1.5202807876925124,-5.148716119441147,0.26275317184591573,2.2153165611332364
2.1024282135097634,-1.0565151987880985,-2.2835268171727563,0.2419324918527338,0.5367710808205172
1.1742199368102046,-0.7426007229161856,-2.787249481897454,-3.9240488782884655,2.2914035119539724
1.4897459718918853,0.47345481267217904,-4.015907479754845,1.1939407605999768,1.6702112289493054
0.4340458840603165,-0.6487400389494528,-2.170381373810537,-2.514996070066173,-0.28650826493739023
-4.635511243260869,4.308888575362337,0.7481008919335572,-0.2524340989790488,3.3368052594773276
-2.9161978409406224,0.962473008239846,1.6611741552705552,2.3875457329620406,-2.169100794368636
3.326915044437551,0.017593004088044206,3.266270994113329,-1.734674436603063,1.7199379529449497
0.4691813742617065,-1.0885659275492805,0.10295055915080198,5.347088289243256,-1.5800017114630562
1.878760487476315,-2.3401631676866277,4.984845653951959,2.2530453016653893,-1.5373394922524035
0.030406816343137022,-2.4172861794337868,3.3406719483324854,4.6566634378725995,-1.2907310704315054
2.7748006520782016,-4.068928438673705,1.4282959427437691,2.6640078254441346,-1.8167255965973317
-1.0503678635253388,0.2838473982068783,1.1057609332583374,-0.696826843045186,-1.1968663118841678
-1.146508865736892,1.0831025123022866,2.489937930844301,1.77626059192889,-2.3098325520930794
-2.3478041392017763,0.9064137151924438,3.4718943160529063,0.28607120423434673,-0.8504308644670311
2.291027833353415,-1.5616876976226335,0.022870841002650133,-0.09404730126111294,-0.2502141387687281
-0.4197680877308887,-0.42790217238766903,-2.7253044101775625,0.24270153539862316,1.7657120118984044
3.847691154938823,-0.6349632692205085,-1.3764373393978382,0.5418188302184035,1.5056843107119833
-2.0195525186780476,0.31846967747570853,1.885013058160331,-0.8087466176888614,-2.2635661316037536
1.3397801978643988,0.6515259360020439,0.883685173660393,-1.9410514734157283,1.634477550017924
-2.2960216445804695,0.30852188695004007,0.26785598930194054,3.45638520776153,-0.33988456436763603
-0.08213016592676592,-0.053306127234987566,5.091938205512082,0.7524567522106629,-0.34094622360807414
1.127392697649129,-3.5980274096371048,-2.7245990430117386,0.8327056527021086,-3.253395022265088
-0.38152914638212376,0.6635843745883525,-0.7013209239893429,-3.0760578216815784,1.831727370852369
-0.9928237301506977,1.1364490592939316,-2.300836216830027,0.06627027104175631,0.7389657780961957
2.5946088046714983,1.3888831885006043,0.7928111063444923,-3.5228206687508874,3.110337349790191
-0.7307501339084395,0.08134467055431144,-3.0859933697909185,0.8682840264891067,-0.6054823481858265
1.73157982794035,-1.7380186675276028,-0.35692407796998804,0.5416522736957161,1.3378407015344398
-1.6282906295963757,0.20182427223225274,2.1602571461048856,1.4575975138482942,1.0454995591088139
-2.428941366699138,-0.7987031019328629,3.2762910700967183,2.7913651438910945,-1.439409327024023
-0.16047660475789005,-0.8175134009599891,4.184172903707108,2.3495598831350097,-1.0849878518055485
0.3551395165014908,-2.5495656336785615,0.4002748901114668,3.7799912880521855,-2.407424763326827
1.3782521226018587,-1.343141375594504,3.583832389836951,0.5130344041393097,-1.8684586870561393
3.1135403627028095,-2.570668800503599,-0.6894152866317786,-1.0642499977401512,-2.301963428143252
-1.6245593671218446,0.19638733578139123,-3.5519101332930694,-3.376184885051617,-0.0705528621674616
0.3761327102121439,2.9126415577781,-1.3224351540287498,-3.4641054247087584,4.361915673338066
2.6963724501963,-1.0485687926641396,-5.618028604671175,0.6695968989827592,1.144685974871745
2.7663629433922763,-1.5303904878336267,-3.7343146838626127,-1.3336363364811386,3.2519210932807825
-0.3382385277177784,0.8498552213527316,-1.3301002354854001,-0.0016589740153388766,2.253576209569155
0.00884512254064207,-1.295863240155213,-0.17936005349585926,0.9845594327511709,-1.1340636676354028
-1.0229268256646447,-0.8069487017562091,-0.1450044757768154,2.0317034389321473,-2.56944136709085
1.6413621056093621,-0.9743075399583785,-0.21832790593136164,-3.546926648044434,1.769942247955129
-0.7086240590312586,-0.31229841634293104,-5.754195675869607,-0.2610023573538569,0.9059870949083293
-1.6286601173359392,2.9275754975994497,2.3823583197923766,0.25310951513407276,2.317318021598802
5.515320647832339,-2.889509105777462,-0.28364851413994385,1.7115540122422657,-0.18243518302570794
1.1047878336612948,-1.4290560579531402,1.4135639149210792,2.5003410776055945,-2.093695012986154
1.708811639915941,-2.4734659487493906,-0.49910231540542616,-0.739684496738364,0.42222625207220976
-2.4649697166662543,1.0586857036002084,-0.6310919982543031,0.6110111721351612,2.402148151844104
3.4756525924618877,-2.32689868159944,-0.8547020981535121,0.6877517431233656,-1.0932359053791185
-0.8077130215555619,0.7274955453469902,2.345056424747814,1.8351143410523298,-0.128744618824444
4.613582828132867,-3.1277699301967767,-0.967647396071118,-1.5369433786587492,-0.0032515809004491913
-2.463001010177069,-0.4706807474004501,-2.6402614337126975,0.7727232250347007,0.5924192017074067
-4.430999519762687,0.700358094154919,0.5581215792317126,1.7035304174262116,-1.1913729585472423
2.2962644163499486,0.16229704153293623,0.008658495881970096,-3.3339122556165566,0.41421308628343345
-4.139433871029848,2.0084838425753038,-2.317382403575028,-1.143431806292746,-1.2008855506178444
-5.67178777066823,4.022480619584197,1.9770231685442563,-0.6426064188200908,1.6567693075814194
4.032181317718647,-0.2611323220555672,0.4700006643407988,-0.5451906818570498,1.589982035788938
-2.1971817947992824,-1.0309295662200058,-1.7721042277907495,1.2475261668563178,-1.2562100816185118
-1.724528229403572,0.9706465289800323,3.0995028761542476,0.24655925506136867,-1.2446547975607425
0.824085154129615,-1.632328902887684,-0.29850406175134214,-1.785411014037585,-2.3200143378630775
-5.086772601613385,3.7510110976936923,2.0167003508849506,-1.201267561117934,2.001277244504469
-3.663953869524722,1.428259548086855,2.9262485053318343,3.668622866509134,-0.8149212338029912
4.701769302843354,-2.136223016312737,2.4094075934918764,-0.3733210515563802,0.5763064973168401
5.076037610540395,-3.848112089879006,-3.408345168368692,3.4328348026336375,0.17598444720998718
3.09430561911335,-3.8389368862603126,-3.1570098386835252,-2.297724990021745,1.673803461318356
1.9245439276694227,-1.064381418609986,-5.987103807915991,-0.715780006554092,3.454786681229933
-3.0605304486093017,0.029885956329989027,-2.321223977745867,1.3216943285845955,-0.9481102972586123
2.8185842554324125,0.5548865718291005,1.977628087754419,-3.352583614283737,3.106505233210302
1.318762472687299,-2.2242015368329437,-4.580597568546615,2.8565354697848737,-1.5601717499236871
1.9511599697884,0.6050533338388342,1.1740461829840951,-4.668853665241118,1.3773539727666937
1.016314475622214,0.2648010760875959,-5.670603533801351,-2.715706665043343,-0.13921316550484913
-0.725453266731098,1.6852728836006161,-2.946385652242491,-2.8131649751451495,1.7073592571528422
-1.052887476372942,2.456395628215854,-3.14255447892069,-2.978064582108515,2.125664900306206
-1.4201815892794696,4.403928345721818,2.4198362540816345,-1.7968393256790396,2.65351944805414
-2.6149658335282164,-0.6396301464614738,-1.0540788863369497,0.36972495913799597,-4.142981407717301
-5.859586736747248,3.6562376368289216,2.086097385374355,-0.8328733388064693,0.06847921407875723
-1.0895793176400912,3.4359805292123937,5.1208370819885625,-0.5270631287213541,0.8736327998109888
-2.1524383067571957,-1.0170453147012906,2.2016248442945967,4.5577777182341865,-4.957630069222535
2.505004807227478,-0.5017797203588046,2.09518707721771,-1.8084940176856255,1.6669519042394185
4.359629538263459,-2.398603256704585,-5.512372566684607,1.6209650859577303,-0.26468944938091665
3.5571348771666536,-0.7636104117076847,-0.42089484408445155,-3.7048531072782582,0.7155170066728433
-2.1982119612385063,1.9842223659738043,-0.006175361275592817,-1.0592029956876838,-1.624629261346534
-4.431025040042211,2.221289041653784,2.797273699551533,-2.5646130350071603,-2.274968219563392
-6.8563417533005975,4.4104539079532605,1.4855286979750875,-0.058826293435149446,-1.0595403676895776
2.3727472382840675,2.1872714684111685,3.0508389300938203,-0.8296861365051492,2.2800647575254818
3.7394515112398046,-2.7546676240912475,-2.0024357964480624,2.5506866792358065,-0.011312712322859908
4.033741835464616,-2.2294527511229023,-2.420229477799036,-0.15305321808982514,2.475206141150182
5.721831561374579,-2.9636699769423873,-2.922020462816824,1.8478804209495554,2.0928226034403266
-0.4377862595511137,-1.9331417065217447,1.4978958422867477,3.133191796431424,-0.34656188269738597
-2.7006189211912517,-1.0714284552266018,2.2480589339147508,0.7513367650890302,-2.3121506908133282
0.5898468963264143,-0.4929586401986624,0.8298616280625112,-0.5683399064857728,1.491936588114502
0.654841692933472,-1.2873182940564696,-2.0593043760433,0.22271069230673002,-0.21057306395205577
-0.9747730284093459,0.22874575508715023,-2.7579691303972407,-0.8394044626968057,2.448271148886371
2.2145475250643134,-0.247852615269478,-1.6537795984649042,0.9122764984473687,3.7044116374857694
0.4939859725461315,-0.22463095726659443,2.2150186516036166,1.6325935499445743,-0.20771950488822588
-0.6448906748529044,-2.2395046829562784,2.219294979066677,1.631051707578915,-1.761242667488288
-1.4863093599447073,-0.27523700221006897,0.9861165251249995,3.261889945089275,-0.18597118953342773
6.447432462741176,-3.6662575224681913,0.9831529243285844,0.08402995977876526,0.5708492435821425
0.572991150543715,-2.354641380625835,-2.3476327444143523,3.843841384490264,-1.0208168932169546
-0.6490949367878188,-1.57605512968237,1.9425600802590854,-0.7390862617086638,0.0333978762150946
2.2814487276816977,-2.1966000782519832,-3.7200732688296965,0.0038111137833172215,-0.41871347843108153
-0.7247689885711911,1.088806444238609,0.606099011060911,-1.5915879115641047,-0.7739694331464697
-0.3325019639844733,-0.281388844985607,-2.535847585971499,-3.4317217842207954,0.8549173846899643
-0.32475994791845175,1.0181579891053645,-3.596569651605096,-1.62713765882244,2.045959616420038
-1.7013986779927066,1.5710727640809377,-0.9250315585764863,-2.7663825665221164,0.42741257227852636
-2.445469315944292,2.1350568017751206,-3.2509793459629317,-3.918680865057154,0.6506580950201345
-4.301859584389572,5.534053078007645,1.3587507380918393,-0.33961406365264085,0.7661989828981529
-3.985457961594768,2.535777942621412,3.252580602163035,-0.435932232332211,-2.972014448514635
2.043729998133873,1.5862639548364854,0.3697444548933355,-1.4477528234320762,2.4684976262880785
1.2306113896883886,0.13933843355301967,0.5953130035250978,1.1624712803198554,-1.9005223991025038
1.7382066645095504,-1.6419628081544038,-1.523443083761448,-1.4771456786989656,-2.2606652442652884
-0.9890544006221087,3.029047914757867,2.1969888418348016,-0.19927870912514845,2.5443787581457817
-0.23114887131862805,-0.7335014322143459,0.7992689384593763,0.16349705819024063,-3.573952229422496
-2.063206960019797,1.497918989912583,1.4374700027111567,0.46212837887690134,0.06924078387026245
0.13891950886355486,-0.08320263751203338,0.9059344952616561,-0.33538582508178905,-2.2624969339287366
-1.1964885539439154,0.9869243474546651,0.9862139154301637,-1.2457386257023597,-0.4097743198712531
4.029860758850998,-1.7006076545938098,-1.6267266073248239,1.4034380901952035,1.050857584660255
5.23205879643156,-3.109816839741463,-2.0376449720582297,0.5398568086059161,-0.5592778410981345
-1.7201700457315,0.4828276958770058,1.911055932963598,0.6975369610474069,1.0459708623554582
1.9533037227776142,-1.9631496095152863,0.06069942890163338,1.6609401683649025,-0.6154214835791718
0.7403940720868487,-0.6977739835739394,-1.5399262771764486,-0.41396366419485764,2.026127995251722
-2.653188241710883,1.0359887209791832,-0.795653001349099,1.9086156403718948,0.050668228422266814
3.8651966834311966,-0.47219509626205813,2.098958837901549,0.04393708362614901,1.9661249869828148
2.7993271527289054,-3.461418632183996,-4.635815626915545,-0.5815380975960739,-1.53953907985433
-0.284811530014105,0.941514829778286,-1.6026266053572096,-3.0297850365692867,4.137358248242605
2.1591811672025987,-0.6559796168918424,-3.6435570099842955,-0.3691164059933145,0.182382517074048
0.07955539499652797,-0.23322002220278082,-1.8221093559659154,-1.6119240884434838,-0.07660052757721203
-0.8078250794973245,1.9703808348508365,-2.428788367335387,-2.490538586497122,3.946312674839516
0.12881774882414465,0.49571067164445237,-4.028765577488393,0.16770124841315748,1.3170101366802
-2.7120980819779827,2.6566616049660983,3.550541915178686,-1.156542174603398,2.007383420116194
-4.049599887556196,0.13176229810145046,0.022150715417082356,1.5194747846458942,-3.3736875372333346
-0.6369822145486679,0.6386779944286263,-0.3309190880000846,-1.1428768833956553,2.3563922182929735
-1.006897319591225,1.5891985810561633,-0.6383063485409333,2.3773920303678038,-0.40745496460173447
-0.06849454397183252,0.561225557398315,3.7661284012616507,-1.578763299629578,-0.9759763319667232
2.173057507252384,-2.3773951742696666,-1.7099373364443684,2.6555847880878947,0.35471832299102957
1.149312581100126,-1.978399445161253,-2.518693854815176,0.0566778257447742,0.3629411304906691
-3.827338299519761,2.3033913977959104,0.5705038003799574,0.36805108817787,0.2648971002564404
3.3695474183557392,0.3779476583503131,1.924055662383736,-2.1820884199214508,1.920451840836996
0.09769224753861916,-0.6364053614334242,-0.8565667009098743,3.953616132899222,-2.925862867548079
3.0124642419868644,-1.5598841681927549,0.275501782699477,-4.880581854633757,-1.056058143539102
0.44318684497446703,1.012507737706375,-3.427296949596207,-1.888066174257446,3.2910157097888355
-4.349488554522834,1.6168042813791963,-1.1096188142003949,0.012233320384798407,0.778403817227163
-2.273009376070414,1.3776925718813353,0.8813170234469878,-0.49494968295521136,-1.465139823246287
0.6903073263246537,-0.11592374524466442,0.5990395564150022,0.17320262161852384,0.9251710809783777
3.3854671286488482,-1.2915588014436974,-2.9871324296158894,0.3951918378099718,2.081938052978609
5.75096163900367,-2.6091847683073572,-2.3022170946027396,-0.7929585726290276,2.2639545564766554
0.17584343370424205,-1.6848628225041644,-1.397260747505084,3.2173883776597467,-2.45253580384449
-1.4195642369878987,0.42649546671191707,3.162186684554006,-1.3649426670125033,-2.007863220072063
3.1728390300287206,-0.15195316627388727,-0.10089378465653831,-0.4532993143798911,-0.05848217753165058
-3.0876671801956905,1.59208746241881,0.5097844510508314,0.1905783845002511,0.2306330724185659
0.8643299897234273,-0.5741029674173488,-1.573193826784019,-0.03257241320680815,0.2624516368447575
0.5688222524143214,0.3802683482714033,-2.5913420179777558,-1.1725272486002538,1.4213884744360603
-2.3633819574183557,2.86242237661412,2.576734328483797,-0.8785975196978856,2.1948745980058
-1.4134335483989116,0.22496455653859093,2.267281094900137,3.7146439358261816,-3.503284217726785
3.844717199789453,-1.4576101250497504,3.019189991724682,-2.775064826275732,0.13692863276896883
0.5706783776646812,-2.156827209527721,-6.4677174139584315,-0.4821813975633136,-0.9036716203641245
-4.782522618712009,3.8239567363478724,1.608912093516122,-0.5058683747397638,3.379740774536172
-2.0683693758561903,0.9405371232614428,3.621363968610279,1.3959076820360738,-0.5504492912190472
2.896950041999272,-2.112368497300319,0.6654877196061291,0.9010370422438471,-0.2771451790323395
-0.5735151304462677,-0.8562948307582626,-0.9015595377620321,2.8606856859452585,-0.6276511939290658
4.765309264860356,-2.784156384326914,1.16883102805148,1.353543368361624,0.9827584287839252
0.9378600752278419,-2.1646300663191345,-0.9614507935136636,2.995988123691832,-2.4601115981930537
4.284126171903888,-2.028793836556086,1.205671423586254,-2.9492090127767483,-0.22021975866010257
-4.283333382865359,1.0174464781286798,-2.4269564436672133,-0.8112313411709775,-1.7898214273244153
-5.059628601158513,4.13337162600709,4.334529850610239,-0.04220234580509985,1.8327921092211557
0.07268188880849402,0.8441329670471016,4.264622076866573,1.8426378101405638,-0.8868336692809478
-2.453851552937305,-1.9227653828638667,0.8047054243052214,1.578974633685182,-4.6910490357270875
0.8488774022248178,0.3183330529570332,-0.8145079177552046,-1.4469245258601031,0.5489254541752482
-0.15506027062446703,2.0141052883757395,1.464480454325962,0.7584481600876658,-0.6398510935948258
2.8101011259057875,-1.04020941409281,-0.8012991608253752,-1.8607756737800236,-1.5780954966640557
-3.6131544206986743,2.7315303040150263,-0.3921208990611771,-0.6951046615159239,0.2354299430287523
0.1446664398086387,1.141802253297235,-0.27142072973211495,-3.3223261883184403,2.524949165892167
3.3603044528468207,-0.49133737552937884,-3.391691382879233,2.036298702965114,2.3916032397835836
5.36848843678524,-3.1485634606863626,-1.287075615980608,0.699863910662209,1.0105716073618123
4.552788305768036,-3.139673085883263,-2.489885398923047,0.7431906272856121,-0.4091351342116396
0.03545017272201978,0.5069258279786331,2.1740842459395022,0.6866391781323964,0.8295397518911526
-1.9504137964952377,-1.1826349174820598,0.6654171257382191,2.0795073786661638,-3.2336834730732185
-0.0540477288485085,0.006841697468086272,-0.06696242078753523,-1.6852953539808695,0.5928199306523021
-1.606877903406351,3.2751379980341415,2.3952478010381038,1.6391003152260086,0.10830253041815929
-0.9010126306592982,0.4381985036770066,3.1573086810985735,-1.6255108859872467,-3.846110448160297
-1.9516345569767806,2.1382800284564505,2.6541552906537955,-0.8427069688655981,-2.0460163606948285
-3.8837516239270884,1.945017153007395,3.8011224926638807,1.375914463470043,-1.1926260536056166
0.5444415683851702,-1.0089389650369367,-0.7477888277877182,0.19930889454102885,-0.7715119001770916
3.8635505067331395,0.557837364436164,-0.21084202862220547,-2.143504540297222,3.7119214174495934
-0.5762264313113498,-0.8321025300197249,-2.9700625334412,1.0529381521725285,-2.868552445564455
-1.4388629108127216,1.6079155007887491,3.6848282982043026,-0.0012348439409331502,0.6148980548062033
-1.2708040709747963,-0.7398802315899486,0.7505394949925577,0.42677304983095155,-1.0530242027739487
-4.0000175867555985,0.6162902538496551,0.3912906655142696,2.7313015744034983,-1.6282101166763914
3.3873114938013034,-0.3898145097220256,2.3031516488131634,-2.6207181363525374,0.05942780381581203
2.010305879507128,-0.7757407728693462,-5.053469581872553,-0.12054978855169418,-0.9654672342134356
2.7692310568871292,0.887049831219238,-2.071682474708356,-3.2558695617547477,3.5548449787199816
-1.8398940758271942,0.7552707965805089,-2.363356344094756,-0.3967740240561488,1.2372148096635969
-1.6973445726199121,1.0175337880421575,0.6168187152739535,0.0341733384863987,0.6430516065289983
2.3252167591160022,-2.598228602189492,-1.0155803514380364,0.4826656123833857,0.1671193074518138
2.407705458606404,-1.6200969612701572,-3.5866640011138977,0.7121487830591686,2.121043951131578
-0.8609720040490925,-0.6038304067792851,0.49830092808724025,2.2623321878936777,-0.9077542788535412
-1.9322626858100533,1.086992073603746,3.109344878625471,-1.6823517975630908,-1.7936440817068542
-2.28677140108704,1.5892776202335646,0.3736075029482335,1.1980951702314813,-2.3993597832022395
2.1577846970011922,-0.09229801725317643,2.0366309847995514,-1.336767753710109,1.860367402308716
-0.4767416003739553,0.6338695440874051,1.1421991155285043,1.6186138277451108,-1.6143615110361278
-0.9793199326081476,0.27207934068026207,4.500801455981161,1.673246475826784,-1.8035795953523674
0.6520950524017723,-0.9172765650276922,3.6119987337128014,2.8180365968184926,-3.3070003396545524
-2.5772777824325184,-0.24276360880962025,2.8466725818968435,-1.4586176348063398,-3.2167530899760934
-3.239401754659168,3.126102030364538,1.8839567649781237,-0.6717217831762277,0.9671791966936185
-3.394513587264833,0.11892735637721574,0.1318447139457426,0.6577754467204838,-3.6429757186152703
1.6850708250605742,1.0653128401096228,1.5813645406665942,-2.796978194575628,2.6210976287167895
0.9548214928487416,-2.167105266605229,-6.526985267361692,-0.6433783859792008,-1.3585372086265073
-3.7982974872550725,4.1568941071697125,0.3242087825789026,-1.4081095419623078,3.213450649114328
0.20351358556661192,0.6527439757421178,0.6954053389037433,1.881652056042226,-0.2518213435797051
5.734585096560755,-3.0128813418129496,0.4281591521459236,-0.29620470861265125,0.4209714178620927
1.5780670359688065,-3.6593143910015296,-5.712391800604616,1.2281558474473582,-1.2777488879000765
-3.276574673155265,2.9353287002532906,3.157688314788514,-2.4131137766744697,3.44563584009508
-0.9068049355269698,0.42780540397766476,1.9107207454581454,2.8884127756306985,-1.0154897766175963
0.6747656994437068,-1.669259326927472,3.516910034818024,1.52807925455537,-2.135762131081248
4.1289463514428375,-3.7161239868276827,-1.147422840216627,2.0912366253825514,-2.2274506241345047
-0.5362929553194866,0.282923410871056,0.26456727204852326,-0.6127078993253083,-1.0217773548949158
-1.204357649794288,1.6591305041250886,1.1274553015269162,-0.3995657585571375,-1.1779026952757394
-0.9215678786005981,1.5773085668386901,1.5841512420935717,-2.1127259954837165,-1.871190137621074
-4.163056927377877,2.3363534979132083,0.8754173888185539,0.6362425859383164,-0.18404145526603655
3.4538740539724815,-0.530203393419548,-0.8830349161010242,-2.1307520952179106,2.306017527792701
2.397783384463793,-2.303288205454381,-3.750583920128129,0.8797747411331744,1.4130112841182898
0.03515459191938847,-1.7047220186101941,-3.6802412666917266,0.7428705046571384,2.17948012491273
-2.803318299654156,0.9175124224153521,-0.3505282462242305,1.5250441124998773,0.3261195810652031
-1.9801523758568509,1.4148536033908607,4.975248700497072,2.033969587258142,0.5667243947011938
4.8839958681522315,-3.032576336784003,0.917078122520576,2.928659269642821,-2.1771049201855273
4.683702503037816,-2.6175787631784733,-1.8597431348963027,-0.7008964558952799,1.1819203753178371
4.360891977048084,-2.58378274712654,-5.476513111633023,-1.759693766297182,0.7988466819634562
-4.298132528489881,1.6196941058297813,-1.9080959516423053,-2.266150934271583,-0.3544205300801121
0.09563608104612631,2.2161889118621554,0.21220882575276723,-3.4876052634406163,0.9387098592666518
2.1911478646529674,0.7591483196072212,-2.2569987047606883,-2.6043471654849766,1.5411481919515186
-2.2073649601422236,1.2237662690562288,-2.659292468434587,0.711295051642002,-1.685629789613704
-1.7061003552832776,2.6511799289553184,3.032283636346146,-4.112871440366863,-0.6150186231142922
-1.7857844757163717,2.5583056992406252,2.0123378800120175,-0.09251410324445036,-0.23091892331211716
-1.8918753076144283,0.04867502825879688,0.6175873552467221,-0.0774298969403675,-3.852314045774745
-2.7304120757446535,2.365957671914984,1.6295734757339262,-2.654292039554064,-1.5330809573907593
-4.54555973863169,2.8804659272706576,1.0976954977962379,-1.276453229088247,0.1660203267781315
-2.520425941379907,1.9725422523033904,0.5762217372568383,1.5625871782675342,-1.6103623808818133
-1.019905401169749,1.4433956176099925,2.7561996658431367,-2.366649583185936,-2.0982449283161255
1.7192582985646385,0.12803158039434548,-2.4578578828459046,-2.308334780856735,1.0119815103362333
3.235188544858588,-0.9147767912564035,-3.8586972689841073,0.2986158551675451,0.2906070487711122
-0.9756023032654122,1.8643825548291737,2.6177795438498945,-2.7890516932749803,-0.9541084991376234
-1.9452092319690943,1.7839898595219177,1.9822151306562579,0.7107713574484978,-2.6891898526732
3.0166866176817932,-0.0874816175193664,1.0975033811352874,-3.769173593624405,-0.8329710878778568
0.4111696291129644,0.49026320786664446,-2.8903449880964764,-0.3145806838830766,2.0334023018298195
-0.2259147919423743,0.03658708618294948,-3.126899250605052,-3.102451890607204,0.8690085380666459
0.9291478161805344,1.9357346441641703,-2.1905154596517553,-2.926960207573739,1.8190266906877524
-4.756565552559339,2.6904057046550145,-0.8688095710522739,-0.047333784274594115,0.2610439659622431
-4.102348597384489,2.4344970718474443,2.167910424724561,-1.2648822526766326,-0.661131018219187
-4.0102008301591425,2.7559499966471384,3.9468558503714757,2.390694734950906,0.01954352019138328
2.178625361620217,-1.717103289012322,2.447161968968108,0.24149287163632815,-0.04722252924910675
1.0103709577426567,-2.214855475648155,-2.323227245672919,2.7129710164008634,-1.0456323425523781
2.0995690677261516,-0.020963776817332525,-0.552088114138555,-3.401703718299279,2.507892014314309
2.924383736880987,-1.5930304120812733,-6.55442030497023,0.7130703640048837,-0.3049391059362715
-3.1594276772877397,2.145285544352795,0.7125316331107954,-2.0518333046059665,2.11166877081241
-2.3706566707767562,1.5980262118714594,2.7997335775391594,3.5481481517796007,0.9232420337418399
2.9507041318359244,-3.2779336074068217,0.30928238689455334,1.7817855736951438,-0.06714706275234744
1.5356200614225826,-0.7602962368437258,1.7513749421156142,2.159070428863847,0.9710983986337346
2.0082640258719273,-4.821996675786385,-3.2279097917412862,0.09855414868233092,-3.1934846929898133
-4.319976502591794,3.109405084362646,2.474166632239525,1.0998014189715932,3.189251931147224
3.176841994067383,-2.4176258607388585,1.1206295497347056,0.6517615507857805,0.2786754112932297
1.3222007674885405,-2.57731081513637,-2.2893056574117976,0.8703996453789462,-0.9173292443783823
1.3194537735326497,-0.06262443766090553,-0.6716147638991017,-2.5681061593701338,0.4552181675839163
-1.2022414478514045,0.23310283138743249,-4.59324724929213,-3.2384616113866604,-0.30627332616038627
-3.9122139492528305,5.182162741826077,1.306458539599689,-0.7916869316011175,1.411426759578491
-1.3913411798146065,2.2791200185185803,3.0418709596400793,-0.07870289852404744,-1.0723730250595684
-1.51693693777259,0.31301165699111877,3.2174227226938026,2.2495943301561447,-2.5556812941379494
-3.399890753051948,1.465291673459539,5.7456878237672155,1.5293674444974354,-2.4680923161355253
-3.251273954987055,1.5988522972825983,5.5102874718397485,1.9924499422900928,-2.73635799035977
-3.9161421364129234,1.5932948071650874,3.8457231208442826,1.1607697982667031,-2.6121562205351214
-2.3199359333665064,1.8186958244180063,2.8646389168347746,-0.9038736472324145,0.7336705835472636
-3.7824984079950488,0.7326695629386766,0.05059807114142323,3.708272144268231,-2.3786081555308085
-1.2150760578602244,1.8403629300298672,4.683123679634401,-1.5620440682889314,0.268279304429874
-0.5261303247656859,-0.39695458651960047,-0.5223069821461492,1.737791992431763,-3.516568659511381
0.2882365545002026,-0.7067620208861545,-0.6505775910093039,-1.3777813126734875,1.002871508382071
3.4172107696706058,-0.21023908388097767,-1.743721905926794,-0.9467690022417798,1.9094361487311349
-3.314858950765922,0.3346996311097294,-0.9211606119235174,1.4644935477478103,-0.6373424121518663
-2.4948056653188364,0.858944071044036,1.4984939986218753,-1.2157919560957449,-0.31195528232032854
1.7485341670410286,0.2486180614729092,-2.2072335438224453,-1.759690348822771,1.958844603369705
0.1487058625997948,0.39678669066557837,-0.3333482752783268,0.9229948441145484,0.288889084390605
-0.8876864997574643,-0.8091227016328335,2.158996306449171,2.3838790668843615,-3.5549051694824043
0.4776635225842383,-0.8811162310376082,0.2314069284088467,-1.7735936127053251,-1.017961624915919
-4.608651508830247,3.457392606632061,0.2874251171359128,0.15956212130224878,0.48054223112367733
1.824871918559707,0.8203316740814286,-0.1637463960687413,-3.4836046884115515,0.158032063362314
-1.9401002690937248,2.470667269575248,-1.3570062365203261,-0.8471602251349347,0.8856148051896514
3.0207478160277352,-1.396357214821778,-1.3295220459947292,0.4843054445512758,-0.9084886556212854
1.1703382155469275,-0.6062804648643987,-2.386832489732216,-3.821414573567689,2.1187877576521315
-3.955245833209141,2.0530674298601,-1.0979557226314773,0.6789554576760524,0.14812333578766457
-1.166292380921701,0.5423090723516487,1.390490299916972,-2.6538429331339,-0.9298969963028625
-1.9460534451809788,2.052226916727972,-2.971053037523859,-2.929392951026672,2.7684772934810513
1.5819941050325101,0.862199278614391,-4.59413100734557,-1.823614544664057,3.1737971912152094
-2.7540709676773165,0.44519587145425876,-2.738734095545876,1.3262097718145365,-0.9487625377842253
-1.2886141845828907,2.5787289586594326,4.411439472636605,-0.5789576695556614,0.01299373906472956
-0.030944359843276814,0.8059338793896056,3.5878949107005376,1.8780128340604931,-3.2332378248711233
-0.2883531427564626,0.6547012471126763,5.02433319716424,0.6753510311957127,-3.179921029412084
-2.107790813622517,0.851560031613603,4.64488463753935,-0.2760212808941478,-1.0891322705120179
-1.6397798504218368,0.4863888560612715,1.107727089537864,1.3966767666553999,-0.7120231314276537
2.124468550415328,-2.963654308998946,-2.5961956137671445,-0.7433952184518848,0.1897068339644461
-1.6515681581705588,1.1514971125274118,0.2393543063206094,0.8735262011252873,-0.14882653809846258
0.7401401116314896,-1.620774437775788,0.007942080996001133,-0.49027871307435666,-2.1110182423507293
-1.3486482155771196,1.6120808897799277,-1.7704016297169196,-1.873887143380907,1.5732300592966753
-1.0735941541981524,3.6891569971844023,2.850278093984432,-1.3071678632722428,2.4210615354848377
2.0319880193818514,-2.6884606500596564,-1.3407184085627786,2.750542002531575,-1.3962057125574856
-1.4371813510665414,0.6713480943445617,1.2948610343651865,-1.1485898687244052,-0.7989089179797504
0.1500268336306445,-0.9581967803711413,-2.8332422307400913,-2.5175136219116228,-0.9222519211717641
-0.7709206562332047,2.0355583924349556,-1.7769014062952966,-0.7335387606409404,4.151890082366273
1.988552596337986,-0.7220222159054535,-1.2573620126020448,-0.9387512814459822,2.152906578387475
2.627587309552723,-1.4403641703810885,-2.9100963804419386,-0.13337274117047615,-0.2914166772854123
2.042515195283944,-0.3526177298714407,-1.5134502875697569,-1.525531784369481,-0.03715762652234317
-1.4026728042306296,2.2594865052241992,1.6199449808555118,-0.24756278708590496,-0.8241054365368199
0.176389364784572,-0.08888882702484929,-0.6913572192102306,-4.076300331919432,-1.2463853404276395
0.4099250581514773,2.5763261010394816,-4.086684363921762,-1.5462783036021652,4.053217935963142
1.6288287304010194,0.8706937893197245,0.7191635051870162,-0.48569563474265465,1.1815952935451084
1.100102686588849,-3.1864247693993413,-4.100952753177574,-1.4198390754512906,-2.4060354677744367
-2.8616135352001306,4.036049294233874,1.7114382442017986,-1.8295788202323264,3.520643896147292
-2.8528274070556865,-0.2356665704160339,-0.23733065361613903,3.1224980713076143,-1.8579336101484016
2.697660868587173,-1.2418418808345029,-0.12610502660472966,-0.15172940364844967,0.23450834794830422
0.16559170462372919,0.8497856011555818,0.2854175401083774,-0.5130957246875487,0.8758760928916366
-0.2909119882227875,-0.5976225311061819,-0.013929644419562681,2.8568236435522065,-1.0945447932362038
3.682320037351005,-3.2251786339687656,0.4529734850777143,-1.260498545680408,-0.9586855613949186
-4.630851706735069,1.6373899949640582,-0.4566982434340583,1.9369237135317219,0.9609925637836942
-1.2572349526951914,0.5802179468270479,4.535647294211877,2.6947456641490066,0.5370880573328956
3.297715339137347,-3.4878072209931363,1.285695639023684,1.6328688234759672,-0.6218164330851012
2.9720201977805996,-2.5868662558953277,-3.2609161691614235,2.1490308800653217,1.2784686362968882
4.009971276178531,-3.140874363550447,-1.342017002941624,1.2596422899014357,2.1007467362248446
4.229818516652343,-3.0732176223099326,-1.9938660499064085,1.9125491275022162,-0.11042734390784092
1.4928434112172484,-0.35246481777862404,2.296731114707807,-1.0570357582492806,0.8182950478508031
-3.1100462357701537,-1.284201774140238,-1.42501970913798,0.9975100869789901,-3.4759936229874593
-5.350838009423773,3.0754198257483463,2.6109161056029286,-0.1703863223514961,1.5828399864373246
1.9555232903700457,-0.9134928052217597,-1.3761989996360824,1.4749489864156156,1.7583273759077134
2.307645464569668,-2.3060965488292684,-3.553711317855016,1.1346757926600153,0.27057880169764403
3.569490609757487,-0.2809445025676982,-0.7246891769733541,-2.9982732592375654,1.7793088235103465
2.505214622228258,-0.8429002248055903,-3.9494513911332043,-2.0464334753357045,-0.6225609917570935
-0.4814486551118137,0.8231679475894731,-2.5589389649186094,-4.555357300767009,0.8737005760933058
-4.433900922864824,5.035485450940984,0.7622918578601459,-0.36211583949164516,0.3667128722025046
-1.9862777758336558,2.6004455654944825,2.7251112580707106,-1.3868130958193599,-2.6449430770973357
-1.255531717831062,2.8396943979403164,2.3644888518465548,-2.36103070735027,0.5780238736269152
-1.2850213033168665,0.42689308393758685,-0.8086075627900642,0.4538141487661558,-3.045636302074281
2.4772915510078706,0.04976964745589296,0.796878946813731,-3.2715673939568015,1.505034551605107
2.4347682349947566,-1.5641224016591555,-6.121496562167308,0.6745549572795551,-0.7636546020444545
2.574374379711225,0.584777622903333,-2.045218958610481,-5.549177229490955,3.646939359691615
-1.0357992098107296,1.1678739995869998,-2.572085563939516,2.8036193691193807,-1.051683555716241
-3.53309994646052,1.223203226010444,3.418516577561454,-3.8532164349473583,-2.4397174677110938
-4.100644237043233,4.156975877474957,0.528528047223592,0.3830978419256112,-0.61924729630077
-0.20812065157835913,2.355943020244309,5.310489679911914,-1.5315317621702942,-0.06819637147957269
-3.3662860377889836,-0.5087993446833463,-0.45283019147930803,1.2306877901212545,-4.252810604267767
-5.022346259675752,3.231155086165246,4.8268035550307316,-1.647161903534781,-0.718861721608505
-3.1117136686230373,2.762625391636633,2.186995231532749,-0.24839277934350756,-0.8923301471190003
-1.270160224858351,0.6518712321328233,1.179156669789621,0.4836378927850937,-1.136702904608251
2.7989991974658963,-2.3387818919931203,-2.9565700891925886,-1.6044781293267316,-1.4585177483010694
0.1625731349730477,0.5410351105780078,-2.172863869187363,-2.505526397911681,3.008929984690118
-3.003841358163516,1.8337131005752751,-1.5896569782046313,1.431021635549039,-1.0632603462851027
3.170436318022199,-0.13415609403468026,1.5815272987976734,-4.018986455206074,-0.3909198027983044
-2.4560071265009786,2.4606897104099428,-1.616511367031737,-1.2409651521856293,0.5803960648406882
-0.6141955763716287,0.8599737084227055,1.9085847976071353,2.0570739836284884,-0.11494474898536478
5.092328020206615,-2.9128721534176103,0.7571014269711559,-0.724123795311383,0.20284125666435993
-2.17175166389362,-1.2469108759202272,-2.4960175300636607,3.2084557545282304,-0.264048257641912
0.3013270440114325,0.2609037532968839,4.854220071624955,0.7252124359669548,1.0378713972693432
-1.9750163215648207,-2.4843726539446944,-0.23889894668631184,2.314677658832376,-4.890331422443988
-5.268675386905451,2.224337553555235,2.599732900514054,-2.1318271899935892,-0.7487148609531243
-5.048883653189056,3.3078089989605806,1.421764807558918,1.5204776649474723,0.7410640254778036
-3.0934241928076958,1.1636255454974143,2.76043756777279,2.1811612456376546,-2.0784252892653194
0.027144735893445016,1.5455992711463018,5.761045665379607,2.088669458061032,0.2755869512938637
6.455981152108859,-4.363624364752939,0.34984916373511754,1.2019006453553263,-1.1286369051326712
2.982362847336522,-4.039121582679547,-2.8382896678148795,2.7731983045403275,0.8163758106888368
-2.834902390954551,-0.48311736064651456,0.1969929228821159,-0.40881151773408364,-0.7485838753308673
1.4350315139669907,0.15382890890407952,0.23001640929780964,0.4182863118054161,-0.039996699687631754
1.074219319368144,-0.8759289715807084,-2.568713813765999,-3.60049640401809,-0.5188334096404188
-2.937882926248484,4.357700328798278,1.2070623635346327,-1.2425815602330892,2.961612085925265
-0.4750600694998566,-0.14676069234422373,2.406605615021421,3.618517000040461,-2.1627387855673335
-1.2355636513347656,-1.2432731295514836,2.748672333604776,-0.1507527767524296,-1.097891987873118
-3.189956056960811,0.15434698421545023,0.37965958028632374,1.8510281269248328,0.27870514520754086
-0.3400258450188547,-0.2660476292271312,3.2682082406362913,4.230967465806614,-0.41713033605312355
0.38645805711842884,-2.9362704689949743,2.235878292227057,1.3197835420670578,-2.047157290744439
-2.821391819360877,-0.7581402554298847,0.43236156509567425,1.9778550304688038,-0.11324982415666618
-1.0017737469492625,-0.24264496760809517,1.7000094715731147,3.424106560622853,-0.16350701304204063
6.575598329562654,-4.172433867115774,0.9707683555212596,2.413614562818365,0.06559548012852257
5.406481354430718,-4.698053302171103,-3.6448772853387896,0.053461151098686543,0.38422989229491744
-2.7175715482760694,-1.1493045222130358,-2.67605687993569,0.014530930065358882,-1.297936933591493
1.0528315049839818,0.6871226130009715,0.1710509894339476,-3.263591382727005,0.876697035628717
2.104773250883281,0.1551786982696189,-3.016290323073276,-0.4577405122141983,-0.18866450339078933
2.4768214497045564,0.5408096737969015,-0.7160258831411614,-4.532439586080557,0.7060292334291255
1.366900700412229,0.8415834992300945,-5.224268636844641,-3.704891559996792,2.204832987508812
-4.412013772771066,2.356486483379797,-2.9988369497379,-0.2735276176599566,-0.21963187727578248
-1.021516344404592,1.8692665360538314,-0.43716794218388577,-5.270464547764878,1.175819292839901
-1.2407150181224647,2.5864992781702885,-3.216285360836478,-0.3227442359018604,1.630770151654013
0.4759909322848124,1.7384403027821105,0.7527069639817126,-3.825454387619522,3.1307121414553447
1.5448364304529665,-0.15509549909616877,-3.6413903073822365,-0.217675922783382,-0.20915127211834872
1.6124563548178232,0.11845875106454534,-3.2074774559928767,-4.208562580423919,1.9096939858783202
0.7439432466202199,-0.05299795460060608,-4.646321213164349,0.0063861329022136815,1.2466980362013667
-5.203632879186935,3.1684621484456725,1.0142090246758229,-1.301647468029458,-0.14300704761037863
-3.535428529072824,3.7716300759970913,5.095052804508565,1.2183306525592872,1.4011216043834525
0.1835597896180825,-0.2618977304579427,4.239522384312174,3.897148946103272,-3.533698866127437
4.417473887581338,-2.534017991052286,1.9659550096358436,-2.0097285636900306,-2.122054377874816
0.4879047460582434,-0.6626762262295223,-2.5536958793381963,-1.119887281491474,1.567395321206404
-4.124333353791793,1.5285450430747693,-1.0903246836190055,1.6600311878292935,1.306397177275462
-0.05066541150985804,0.7989775844937763,4.107617352051076,2.454207595301944,-1.3096827274149732
-1.3489015828770023,-0.5710681375526823,4.743335147208678,0.10666706898416622,-3.8318035338521668
-3.5983959934076166,1.830479055289104,1.8192008307262484,1.2154609653719115,-2.5613102946334756
-0.37755890947138937,1.954192785396581,5.154107911467778,0.529714063105226,-1.8714760234013847
-1.8242994365593383,0.6212994769329725,4.942812379032806,0.1403222199001406,-1.6412325854797825
-1.081942169890394,0.28811770933326364,3.2796169190346705,4.297505270381057,-1.0491954427492287
-0.4034748636094032,-2.237429224059529,4.31274809601028,3.374318362807813,-4.157586904558176
-3.126244732033363,0.7613180889761786,5.96760150837392,2.0594687939217025,-2.1917307647107664
1.0184121922050977,-1.0418882010504427,0.6197644411412775,-1.293943329823808,0.6973865478691839
1.2845423343632252,-1.2073368917344913,-3.486847892714814,2.5850385395859057,0.5453663065256229
-3.078522864492318,1.5831315197887867,3.925729810839865,0.4984562989449217,-0.8408457708605468
-1.985042499374089,1.660044905888895,2.680692003712088,0.9358057055633406,-2.3519368249942976
1.1295835198592383,-0.4932102076022744,-0.7055766779490558,-3.3377956671808073,-0.8595196226876274
-1.3928195176255302,1.8976819515808039,-3.8985569783890273,-2.670127514579886,3.471432721993403
2.1800546160562373,0.45972359177139854,-3.1330069230329407,-1.5978147284387896,1.0396344482867355
0.9611438275742564,0.039209618036021465,-4.384334599751641,-4.276152214607784,-0.4975611023682665
-1.1969623212266478,2.5127520853081715,-3.2388907132033076,-2.7531060049326093,2.2803198471425223
-3.9086370578502883,4.305105275751835,2.639335278044539,-0.2767241224247121,2.4675998587867047
2.636726031540716,-0.7404226241036843,-0.6816143628019542,-0.8109577614721408,0.5343553779247571
3.323609551861802,-2.229571013798332,-5.076274222999155,0.9303004536730088,-0.5728098961258971
-2.840085506761172,1.413869710306808,0.3605806412387129,-3.2457437802906908,-0.17472559403402266
-2.042401899062555,1.651559844440003,-2.8155136906697056,-1.322882956997148,0.7003012926692388
-3.7594952196101024,4.414365490314976,3.602717913475429,0.4564387753110869,2.5256927386011934
3.8024717957773095,-1.6640965155862546,0.9990297325254052,-0.1638015082573594,-2.084519795997637
3.2262342138552254,-1.1653963792924364,-1.4325047932191128,0.3530110650007908,1.01578575357505
0.017080085493499042,-0.14766357552498188,-0.5051325682511607,1.3644653927000217,0.43334651845878847
3.2052898559196654,-2.904744912016883,-0.3872618847614757,0.9394919970425606,-0.9607764447926639
-1.2459111969805008,1.3222223630453973,1.2291219084716212,0.6122239338125302,1.3294261044384486
1.5963706209681603,-0.8189878548073088,3.108015574088416,3.5430901210032704,-0.6715220155024303
5.988382208019361,-4.992894863107771,-1.1459036775769196,1.6495287280566258,-0.7663660159808889
0.9309955656600333,-1.621556380532151,-1.4958394711086824,1.9442343910317772,-1.0705172374814
-1.8269792377575782,-0.08376416588908897,2.0862931278757095,0.5114892779225677,0.2755424035208257
2.354832821064597,-1.8276272636259137,-0.28504869530938426,-0.09146357331233324,0.007609806069856062
