X1,X2,X3,X4,X5
-0.3883717001437387,0.2565298618720623,-0.8688465144036537,3.842868841020392,5.844502129116275
-0.35631895804579494,0.938362176339879,-1.8821442991989055,8.341800185835623,12.489847193477289
-0.2214896991218861,0.762683590171221,-2.375039775598415,8.790731375332538,12.34484003414435
-0.2119731706646949,0.31021234822479565,-1.5826719317179334,5.648918871509901,8.05675044452987
0.34630493669611295,-0.17490152348345067,-1.2215510945624968,3.202878676389953,4.480013872214789
0.29128365645048726,-0.17786617372440983,-0.48613335981634587,1.947263281369966,2.3329046535118656
0.07863563320522537,0.21421015969936555,-1.7215915936361295,5.370927418426823,7.457312792390741
-0.21141132113995342,0.2601745002404634,-1.8449919777413433,5.794511356689234,8.375818911778833
-0.18112164678900766,0.7910321322709548,-1.965026443067274,8.093373120403115,12.010832134274672
0.09221827498264468,0.07750634314496302,-1.5603998894650597,4.258808468822519,5.9356585455402415
0.239866558764824,-0.5921927887752205,-0.2732034568826621,0.49616364950502545,0.914637485517422
-0.11590194489155059,0.6042817010531434,-2.2728784959779076,8.261816328345168,12.31611663676016
0.009562028644375165,-0.5136624463248713,-0.26182243885855316,1.0644122180872664,1.2094153806219305
0.388033136532694,-0.6497193428381114,0.4143694372007105,-0.1605400540538986,-0.6221990957639557
0.14979085670843073,-0.2582717268351689,-1.2148984099182223,2.656437094010251,4.305056101588423
0.03555013204190005,-0.4842937955807455,-0.24484477568467755,0.649023662033348,0.4829705309731991
-0.42877753885810876,1.1594061796368906,-2.3084323054856926,11.188271098769581,15.863683493956827
-0.323984788222089,0.38396280548587747,-1.908343184193747,6.217106200735103,9.306172511641375
-0.2990084161843767,0.4321734234228991,-1.5302086370577554,5.826726535603466,8.151098380646406
0.12314829245229464,-0.25376554574060894,-0.862999058124228,2.4953614421440187,3.262509584897701
-0.39188724829544996,1.0454095790641116,-1.8145780522709916,8.766905614067623,12.883894989570395
-0.4710051300183735,0.9704841098249154,-2.1580308160956623,9.624428334888997,14.060421315052537
-0.1396494423481347,0.3235499635573358,-1.3074548525927785,4.446682625841421,5.9996949783484474
0.21885917850880765,-0.5444572617341275,-0.7711172318064554,1.8177283046632,2.6147012520793944
0.19324935430205936,-0.5795443549322358,-0.49384185186459595,1.2510822493948444,2.191855683068405
0.29267035195038915,-0.5659213565162715,-0.25749905011767815,0.4553546671917654,0.5786197137961949
0.19624825626930953,-0.6090701194502457,-0.6608811819742857,1.7423177371751657,2.226684912896285
0.11328557860146193,-0.3710738353653986,-1.0042498500106927,2.881444175827342,4.336343184355098
-0.013837903242354788,-0.033900544106122324,-1.4130725173821705,4.479552481196765,6.167112970613223
-0.29150167951202943,0.8853700209437116,-1.8907967574585687,7.960901890433813,11.851420953805096
0.06854805585661805,0.30308741536961276,-1.1303082324360112,4.281116523108923,6.072748431023538
0.13662474820834114,0.0757711790601669,-1.6263755981504677,5.140155766623874,7.376546456632638
-0.37625667158528375,0.7251189622180434,-1.7744836329845364,6.98480366287946,10.23487163314302
0.06514733860313482,0.09045560654061952,-1.6588770763332157,4.593190896478458,6.462037435584351
-0.4022512868064484,0.5829489511115302,-2.0524607159331416,7.380831701976211,11.051680762423043
0.047076802306491805,-0.12831360980901746,-1.4947036530281657,4.167871192217016,5.764050206435963
-0.34108110898135846,1.0745214504290908,-2.3822479744398777,10.12060456459613,15.013692339516028
-0.380986452791667,0.5631588638086014,-1.6858181557109728,6.35021439258777,9.016375229748295
-0.38689994398616334,0.39218958259338366,-1.222607863823519,4.6666863717516085,6.988473054133
0.41102531283090693,-0.7919562220653221,0.03428735386729542,-0.06590620142867057,0.21525196248017886
0.09808731745244215,-0.0297417799908416,-1.4115132278257443,4.012553378244238,5.888911057299906
-0.24984127779786103,0.0909413694510483,-1.579409016108722,5.066971695187795,7.595433266599306
-0.42855112200790857,0.41873022509920743,-1.2907034665620594,5.4752734831317,7.961223745823476
0.03618141851210255,-0.2635623364109125,-1.1479547180269845,3.176767431591436,4.668819048391222
-0.3551970291231914,1.06792081887959,-2.407120202370747,10.47714141466158,14.701134233651594
0.2784029344045007,-0.3429161972598258,-1.0779823794159342,2.5058979289840515,3.9925885723894075
-0.0038903433981927193,-0.2708341285251511,-1.1101609434010267,2.4436196069521188,3.16660589150892
0.22644888485733983,-0.3174556958449432,-0.5321379945132875,1.4181703245790178,2.0439269038337633
-0.10427340117985795,0.35407247327567937,-2.000528528166458,6.042666724515091,8.504424637921282
0.2023227446203606,-0.35304076887946834,-0.4994567189582575,1.260362437812765,1.6002418767196085
0.18461435634301215,-0.08379506669367959,-0.6561671097767445,2.1269910473370794,2.7270941560067175
0.06141620807570347,-0.589426901994356,-0.07793558736028072,0.3076574618029829,0.4900367488335271
0.34573963415812947,-0.9515742464436905,-0.08541560419207972,0.05027383718920925,0.41680625026056145
0.08247357360237684,0.3130625564972784,-1.6140845087536375,5.285909216480005,7.595196535373001
0.07811041077982228,-0.14745855242609848,-0.6061254628518342,2.5334787330225845,3.501669156157247
-0.19201689265766642,-0.06654718381545016,-0.8022319711620901,2.4301803485212745,3.920394461147155
0.4315062661175667,-0.9939423999826954,0.7952585263284082,-1.8857930604030306,-3.0768999304231213
0.017139571553785204,-0.5300881684450997,-0.6437791421774917,1.1254305059946161,1.5980789196343963
-0.10828534242642862,0.28070463330143525,-1.5298664094238483,5.597476732323567,8.307552149834489
0.04164229156261756,0.42206986794677526,-1.3362343728729287,5.000256410271203,7.58558483682007
-0.35475786126526254,0.7495548508662504,-1.953223151094981,7.968285981096451,11.88186154377846
-0.23487476287879516,0.5466789541007621,-1.597387653911701,6.182803528484586,8.49952872526854
-0.19331813783019158,0.18708350037014615,-1.4271983696603312,4.71914222183992,6.824116423746479
0.015158769181321308,-0.29114591801486195,-0.624993759088277,2.031769154206651,2.632109575170586
0.19551083380777678,-0.3552762932152975,-0.5507779307777481,1.968678672991832,2.5070627152692198
-0.2127975378722844,0.7953530898020332,-2.1619182563539607,8.52685456992223,12.622598123974933
-0.36423400441110865,0.18682155217351293,-1.1089181668634294,3.870109448304936,5.432195686115547
0.05921818277524027,-0.04042916418063282,-1.0440692871537745,2.945792122641646,3.8405178113436964
0.3546498313787537,-0.7307434665475445,0.36871311050067346,-0.5147099183732576,-1.0216200606490007
-0.08176791363192193,0.27317675062881974,-1.3543798715242414,4.437009184085125,6.258926528388044
-0.02422709105293841,0.3849934902111513,-1.4734566408567007,5.790007597290491,8.472547309498365
-0.21079148784513746,0.34088181187229905,-1.060722602286433,3.9971315364894373,5.869937871420367
0.30883412331605364,-0.8564054575801522,-0.34234134437556607,1.039877371048354,1.919281456652235
-0.37933505461576156,0.5817486054584025,-1.9492968351643518,6.860607213631179,9.677132637765888
-0.328911282307883,0.26196081334712473,-1.4810971629447236,5.001764696382122,7.086939915317388
0.49995661275772496,-1.3444644468156297,1.4173636266794878,-2.372536475787042,-3.6273472774180657
0.18221575262951994,-0.46284244066618024,-0.8106540444944945,2.2492318843186108,2.8497749363088496
0.048052406576710505,0.03637447756663087,-1.1771141841374988,3.630567608140666,5.679759747416467
0.2951079451583122,-0.7857374666553004,-0.3982126052086514,0.8366864726638082,0.7987474417750101
0.49688245467144165,-0.5079649840556788,-0.32038325974710935,0.47732816054437854,0.6589132732283512
-0.3091257191492457,0.7635815828316145,-2.1822256110284606,8.252086232387793,11.932042384690018
0.2913930387577761,-0.3553537523857635,-0.3561943941271102,1.0109170288276,1.6533586336541042
-0.15783791741283926,0.4851137947114056,-2.1479969897372864,7.022548428083189,9.866693413670829
0.23123268498527116,-0.9281513098860312,0.35088889465591067,-0.875886482474847,-1.2429807725405704
0.20765972753777695,-0.07300955221458283,-1.2065677816911005,3.158931668995831,4.428483061657611
0.4983300427980413,-0.5087314206853865,0.14549945081704962,0.48074462834005455,0.2880085730224621
-0.38812794816353413,0.24088461207027878,-1.3271997872903698,4.572839095157555,6.193774354617574
-0.49787460518347226,1.0237874312123587,-2.100308667103411,9.703167831092676,13.851583582087162
0.2477844646111228,-0.2840279528761199,-1.0778562938976144,3.211881844236598,4.120471231716733
0.06877691829880683,-0.43160605021832354,-1.0377643578788671,2.526191489828288,3.1562659927041654
0.19087412796165681,-0.016602482495945814,-1.0544554037834053,2.973810977336372,3.827994684149767
0.25352503482639777,-0.3454433893953308,-0.4828489394176798,1.8019010620458509,2.8555602277150998
-0.006493448224163756,-0.26287432962206936,-1.2770735981457277,3.489018726194625,5.404717677255038
-0.14346547495941553,0.73387645636558,-2.4419327986315533,8.679856988702891,12.881202109786248
0.2703758863024983,-0.7867330351603546,-0.5109115344180947,1.0956411498633665,1.0830618325475712
-0.11987007133394556,0.40141291915228833,-2.012933038795345,6.47134892646676,9.456481909946614
0.12219226949041617,-0.2532520410999155,-1.1235408794905466,2.6585332216055346,3.6079565824346247
0.3934060265156545,-0.5080131655917643,-0.04867137124028875,0.6812056116632113,0.5490843397768214
-0.34160852789861107,0.2327713310289209,-1.6807488128324586,5.550037718297156,7.58170586426299
-0.49109384010804247,1.3654340092851276,-2.2812445345331342,12.068818368446868,16.915159739570967
-0.24324338880130092,0.15665139963812308,-1.3603070817450096,4.393839810714374,6.3662303737601444
0.2974719434465888,-0.8325832730364261,-0.3109524558946337,0.6081254673139178,0.6810308425598774
0.06682564249016076,-0.07019289126824685,-0.6199624555255387,2.161672313840059,2.7735916021654576
0.44616086353543194,-0.9796300912407738,0.43607152724489295,-1.0833704064562317,-1.9118239579715481
0.04787409986167934,-0.14686293406907955,-1.216337213426326,3.6915175048138615,5.6458144909169805
-0.23421861741135053,-0.02751517953398347,-1.4865676954162503,4.519599432617354,6.019287786954981
0.2658853046993359,-0.7593667235668065,-0.2686536912396841,0.11617183633766748,0.16224955492059537
0.15755038591501036,-0.019335503681905286,-1.0066336919098897,3.46606849232799,4.55507131713324
0.32068335996158637,-0.19389949640439508,-0.9873526452928032,2.622019679386785,3.4149975132945745
0.16799847602241746,-0.5788130133511351,-0.3345616090463768,1.3082698964852786,1.845877768017569
-0.0480509896304846,0.3626704378144511,-1.8765757908891934,5.879801720443902,8.158869422924111
-0.22291733090628962,-0.05667481592598306,-1.4719265637123877,3.8924500616235367,5.731930439443384
-0.44439953523074105,0.3708135215661499,-1.3653834673115792,5.418746092481337,7.668206173948286
-0.19206374732463405,0.2500343337850717,-1.5758573301247396,4.732604171869434,7.087402271679837
-0.4537415224333813,0.4913661010004565,-1.6716418877187458,6.437247980280531,9.411172055399103
-0.06997292924796261,-0.2037895490385034,-0.9033438083486116,2.7819158913856863,4.476803813580752
-0.2742000881095197,0.637104449894371,-1.9500485860712655,7.184951220401431,10.185106268298163
0.20364760829198958,-0.020393953925898656,-0.6303525023420365,2.723305933189748,3.8607931560602595
-0.27982147344349895,0.7991241961111912,-1.9169176043459353,8.463266335888477,12.333793279419114
-0.41856816443366196,0.6145654084938625,-1.7655640296354005,7.22748136166608,10.311286884090007
0.33879727839997276,-0.25457044036667387,-0.9189653565659304,2.5509036708080934,3.4058752978541733
-0.439967139705735,1.1591958322471605,-2.1168126673659415,9.986859921093998,13.862374834656935
0.2509584593494921,-0.4422921288984014,-0.08005237285238542,0.9639534878075839,1.1612491167742447
0.4294253259816334,-0.8223777915852659,0.3360464050010771,-0.6228810187448945,-0.5311690515105187
-0.39287088131862535,0.28876563148793133,-0.9183578693138968,3.916698074979489,5.7196304125081525
0.05966792986909386,-0.4603909665234626,-0.4267640977208963,1.2683676404809008,1.327876153729063
-0.04827328974663225,-0.3248521312146388,-0.33815704433725,0.9815352434077493,1.6988435874479668
0.29871005871622347,-0.528496228592158,-0.42977071236571684,0.97064363780528,0.9108716925282736
0.12348000610468746,-0.05289708267333268,-0.826030997116864,3.0436213278266395,4.828249274556693
-0.22172656342884745,0.5309469973212373,-1.7514740995658091,6.6080853173525576,9.512658791050095
-0.4985309938576298,1.2995988378986516,-2.8250617657552617,12.833217012962827,18.855310015627495
-0.017132271158484258,0.19054938793486195,-1.928752981829559,5.914056831848084,8.887137551408207
0.3941088823934664,-0.4028968279324231,-0.4462089972415315,1.5994132936678822,2.6843570907173517
0.4053631703226672,-1.1130998022013692,0.7024975690429074,-1.7074767480577722,-2.578624904774286
-0.37470301694650565,0.36817925100015736,-1.0098683014872396,4.6192777129752445,6.325898726240263
0.3606769673586889,-0.2520460346211928,-1.075075751927614,2.822447215140027,3.9083420078343796
-0.4655687142031858,0.7201450695053696,-1.2478838917771817,5.947453705482383,8.183495037034316
-0.4076507246597878,0.47477606225979274,-1.0775854574519579,5.341035683335869,8.011909964637274
0.4662208123645003,-0.45458333008983276,0.17043631982384433,-0.21484563186022654,-0.24024135039900912
-0.11303259280844524,0.6802195255452951,-1.8889851385933945,6.966018663493895,9.761945774886792
-0.4292161033472791,0.9356345785400456,-2.0479488079801693,9.14037007933805,13.458886081257784
-0.02954464564647863,-0.05674119313257111,-0.8238984100251862,2.4663553883648075,3.5061692825502413
-0.4538629802652412,1.0320664872466294,-2.3949702181933112,9.746066556153414,13.520446587989822
-0.48362984510064044,0.414571895229644,-1.4847410189544041,6.000612262051736,8.278928411034409
0.06175022943586461,-0.4700745123790461,-0.9254501234355275,1.8269018647740478,2.5478520441417576
-0.2887937802049033,0.40554991744464797,-1.0320063049084336,4.67077486855895,6.291656828781931
0.12191258978826636,0.10560257487073171,-1.6079159935818224,4.633621553366614,6.803988610310379
-0.16530073615631857,0.11159156470765547,-1.0782053059476482,3.2967095334324523,4.436209807787929
-0.3675229671153972,0.2410561551705388,-1.2600290057380823,4.327606232636293,6.314865704710547
0.4844018582283378,-1.0217138314152692,0.07376215113598372,-0.29261904158228436,-0.9112103879776376
-0.25005858451790264,0.20608521111464362,-1.7398331287821587,5.327190353369743,7.3024162171570115
-0.4380228539258033,0.3702956392295168,-0.8576290864202301,4.386929995395848,6.1319614778550795
-0.2211633797996707,0.31004234877892667,-1.2372974335785218,5.204115245963161,7.068382139861241
-0.2482999440997884,0.3129833339021969,-1.412134338849075,5.073672437940379,7.776726238601525
-0.20035369578242002,0.6062751872373319,-2.1662877843396386,8.111389432418578,11.391803710403584
-0.14432576879925374,-0.1685096487010307,-1.4332501866464877,3.7439039302490476,5.780392008617286
0.305165180779569,-0.6882136374258581,0.14546158655704788,-0.059835332083794046,0.10035743132795612
-0.4402155640521981,0.660745227887821,-1.8389237633840017,6.907661625520529,10.388043670256849
-0.1454673299342425,0.4172290900262913,-1.9655482173797791,6.584535517735921,9.875492778283926
-0.3962544570347688,1.1245136742885604,-2.627653176679177,10.911775964735188,16.063887242908535
0.48219664609004,-1.2533600708593502,1.1389997614665008,-2.3594202537107254,-3.313795680930742
-0.35602826768584683,0.9780706487908215,-2.048906868042187,9.15461255284935,13.624018891541093
-0.020965055191204063,0.14869510539291375,-1.2474334143479822,4.347502186000844,5.9301744570416615
-0.019956567396090863,-0.43366026983632855,-0.22692986526570025,0.9880882447482126,1.3745281850361213
0.2811782085684592,-0.25579029466439007,-0.3107043747264403,1.1517622905179703,1.9367371057299376
-0.22785412870866673,0.46124348131299403,-1.4860647576972241,5.277528218639176,7.569740134038575
0.23777385751666957,-0.14206629475468507,-0.43257272386466095,1.57045960322235,2.751893042810017
-0.47366144085914264,0.7893518979308416,-2.036535443955021,8.199377435398118,12.019413799649993
0.4271504376473235,-0.6285222964118201,-0.5198658472265855,1.6068342537463127,2.016113149597241
-0.4010443487420823,0.444300983846058,-1.0113585409480659,4.868431401004221,7.30956419480375
-0.019170495621443906,-0.27251960898354904,-1.0918969097066646,3.212183820773253,5.004843083269208
-0.326570286738327,0.4473201997837687,-1.0635033125346909,4.9653622229876015,7.176919756496993
-0.13138322703417582,0.2636672927291247,-1.7703687721573718,5.526455547492613,8.434591203559041
0.1420205167694868,-0.04747353272417093,-1.3157358822908227,3.604614745395974,5.217387908166452
-0.3575278250235485,0.831409230242647,-1.572623246917598,8.016235370389381,11.796137442921792
-0.21089148006955727,0.7133683368227104,-1.6889602892001254,7.191919581771124,10.16211523762741
0.1791823327035098,-0.4066830844874511,-1.0153071512434582,2.307898484904221,3.056338459502582
0.34454454759713493,-0.22794068628630537,-0.5840339480877476,2.3422034296276566,3.650580921721874
0.09289776240101555,-0.5635188698223006,-0.8107846824025905,2.146196953327469,2.7780398101896373
0.02298466527902354,-0.35552262405875684,-1.1791988046225454,2.9413430840475767,4.011988760435612
-0.3903909877300106,0.9094109421348014,-1.9236924730634184,8.686154067929305,12.35420213727485
-0.3534595384467337,0.4108145958869117,-1.8775218278937722,6.315307136496691,9.202499648528097
0.4581913711575495,-1.187136182243853,0.6834885379903837,-1.688606489275669,-2.5850656214411334
-0.4973751399163545,1.3110587354557732,-2.276218007306629,11.759665229677706,16.724957096507314
-0.015581313652570872,-0.4026352267885163,-0.2528732375647603,0.8450861792027939,1.1578407225390568
0.2563424807421246,0.014958985583740647,-0.6513920283127477,2.162779869682655,3.05868848775774
-0.2900369697937216,0.9017357356842066,-2.0485611464835047,9.050353417910603,12.530475058493703
-0.040436283672136475,0.44342429515442683,-1.75587854786614,5.834628489731328,8.203513244871704
-0.006938809054778949,0.1416115357767668,-1.2303251251052791,4.4366670123994165,6.347187629907527
-0.23960284229847195,0.1702506781780574,-0.8617281805681367,3.2686109443968556,4.433981642085656
0.3787512510661757,-0.40596483802178807,0.10232757040798135,0.3585797826155642,0.4924477385106064
0.4251561800722323,-1.236517422301604,0.25967227681254723,-0.3614329035980441,-0.45025617806351037
0.2493368504188268,-0.3813740903770994,-0.10938853655503,0.4014024023841859,0.9165177044348284
-0.491363408282953,0.8525494861042897,-1.5164612113980986,7.479822877931729,11.026681993438503
0.1289255677324158,0.010748560501359278,-1.6010398712012512,4.803708516076654,6.661760556292184
-0.26788813201940076,0.021742333888956078,-0.7683959148244067,3.364171552093962,4.464580634174856
-0.2328153408860344,0.3195632929142597,-1.3197794924678152,4.4164678172053575,5.849786663819187
-0.3161960450958764,0.5648676333915095,-1.2925579721879337,5.437431898240719,7.714702225639931
0.07241142845659132,-0.482245555284061,-0.6215474537210994,1.6866939222123603,2.7799176917029254
-0.05328134404650253,0.013764271217759833,-1.20900967405937,3.2315039358833024,4.30654599607434
-0.3064358906305662,0.9801078778002547,-1.8981411750541761,9.195745881590547,13.005223560185783
0.4326409310201179,-0.8355970816875182,0.2140334759901409,-0.29789587460638267,-0.385010258476385
-0.26077684668056866,0.23653129187582217,-1.3216824892018546,4.791262872420509,6.981060240660601
0.27873890350712194,-0.4858095163647146,-0.6700609311834996,1.7831051186527924,2.6103660071185275
-0.4753090997463707,0.44438911401052494,-1.49642683027179,5.802538164555926,7.843444571621384
-0.3165198914960431,0.3826437690175809,-1.679797973063493,5.429961770618601,8.076061977502683
0.31886606751309843,-0.3090997644766308,-1.0440529968395076,2.407347579034579,3.860764910772617
0.03642655610084777,0.07420133942037843,-1.2093640845102989,3.8622266451692866,5.304569742581416
0.14610753375020546,-0.7476127810961495,0.13659085612082422,-0.3466244382137389,-0.8650420254558632
-0.07110160862719439,0.20204597028361868,-1.1748573066757275,4.503006140568563,6.741350686313287
-0.06436787030946944,-0.16300721754844533,-1.239098221161026,3.5257049843978194,5.298087622780904
-0.37459598620153267,1.172082033982037,-2.3036191953887326,10.604445563690131,15.536500142676624
-0.32900735403162795,0.8952750240242991,-2.1095768757962454,9.361489903727666,13.875698082162868
0.4189970768861909,-1.1509608013883565,0.9261875070635801,-1.6299051130770261,-2.7986803156211706
-0.0423678976658578,-0.035697119233830246,-1.2988149935299331,4.119853846220671,5.959152541479924
-0.027544910975196957,0.04117255322492467,-1.7153943611353204,5.1954882153822215,7.75737304810524
0.16633077289575382,-0.6268186681233134,0.042915063628296335,-0.19988493538389185,-0.28609229258103025
-0.4858730449596699,1.1074677304948,-1.9797444800419928,9.690150538860506,13.981332446788745
0.03269415339745263,0.2806039703765126,-1.8721816999685346,5.400214160292659,7.82920737065696
0.38533555189096047,-1.2118312792738206,0.34524755808984287,-0.9649023902946143,-1.8766176789411313
-0.08269549984899383,-0.21305488776160308,-1.0177846019011545,2.8980803578876517,4.570159047607629
-0.08739631544060711,-0.05407714410521883,-1.1387506795920348,3.431572412193596,4.643530926771214
-0.04668974539351978,0.5709012643248841,-2.08819805424427,7.303823163333593,10.024401463917028
0.35510205250443805,-0.7555672880247392,0.03731806815250727,0.22409132656764746,0.4555609337561496
0.11000108616882931,-0.5342278049677136,-0.10495891098317489,0.2603113079351459,0.4343607200252686
0.2473509030134442,-0.8388706623088833,0.12748994851192808,-0.299262779058142,-0.8024185823218112
0.21815015742654675,-0.004160682748440725,-1.21784819515397,4.13629212250826,6.444043349967322
-0.4491402508623289,1.145145788319009,-1.8905232080860985,9.899784310075157,14.122024974121912
0.4766996259784294,-0.7668309055174612,0.4026455955225957,-0.5304368089957028,-0.996486833555294
0.2062081723958772,-0.34362236921761014,-0.5754894459868645,1.9425093292337774,2.3934736304683053
0.08012524617871586,0.12820985274085736,-1.3320337386496233,4.242986229773247,6.133654295703491
-0.45482342005035714,0.6636166207443341,-2.045965171325902,7.615562863289176,10.61133194382006
0.4180811903386481,-0.6373117123886886,0.051692765006626784,0.04526529402349541,-0.28925758958417636
-0.030443183644963234,0.29343592921354694,-1.6723495121815297,5.856046144654378,8.645331999644593
0.4111923814169858,-0.6887121147340723,0.06435413448226257,-0.13228587887962237,-0.6232947984266876
-0.08159306642597774,-0.1795956233621415,-1.334662623964314,3.8851738730432546,5.797928366267674
0.07730500012804375,0.34220341091812617,-1.334051775633263,4.547556727310518,6.10656974859579
0.39371792952273366,-0.4206822193876961,-0.33742718812750705,0.8587572001333446,1.1287414874609363
-0.03916906712597812,0.06343787661769452,-0.9473586076416336,3.7544558957178413,5.021813403367717
-0.320468596806458,0.7156856052250621,-2.17687464136779,8.607721062501081,12.857901312378178
-0.07493508658658399,0.39937197082074827,-1.2552996285210847,4.770312904872275,6.593372960438106
-0.11837337083133781,0.17862809633764565,-1.3162489238516115,4.138096390037809,5.812804437099122
0.23086306469885443,-0.1900325202913064,-1.2642286606625657,3.594164506848628,4.877793840185976
0.34073362657127093,-0.36045796514853745,-0.6831649360422286,1.7391196923692918,2.543796601667238
-0.48866773769139327,0.867386289085965,-1.3596535395622233,7.014667331796894,10.505562249142587
-0.005184865908621217,-0.3025937839124748,-0.705676320345607,1.7521289422065944,2.5012713452922504
-0.2327329607206915,0.5303917323212983,-1.8293687907339977,6.498295078809203,9.583163270380226
-0.3355673103222141,0.6780710957559625,-1.401230898063234,6.826075908119865,9.667090070555995
0.16570566757137462,-0.3075346949185897,-0.8873254781429545,2.3260229869211115,3.1259509811532884
0.3355456411719434,-1.0651599527568223,0.6347440973739968,-1.6039843353500136,-2.7070618004189853
0.044405753989328334,0.19501784330392577,-1.7973763121649908,5.281896327126529,8.0624060954429
-0.3062058429389036,0.6079108122665438,-1.5678826559346581,6.3328861577258,8.981773826697802
0.2512853270023069,-0.5364599840159194,-0.38930569200895215,0.6217607516901625,1.2673683426532938
0.02133266895736896,0.27523716485666955,-1.6240969520112691,5.660834462968333,8.256911582989563
0.3046381267954097,-0.8694036579301787,-0.16708157677444635,0.5796863069309582,1.0114875745055607
0.4647228264676314,-1.092186618303682,1.0884364002642808,-2.173810282022511,-3.1674956004673187
-0.08064900826522647,0.28964456790654713,-1.9288885241993758,6.182327580396826,8.71408556069354
-0.18099790455385345,0.22651298343496867,-1.708494493477677,5.1778052750874135,7.416570723875767
-0.21792049095065236,0.20815921124012193,-1.4786917698063635,5.267467265060039,7.838146293572921
0.19098646665216723,-0.6004066355077838,-0.7267826683385131,1.6302307167749301,2.7554835790364787
0.47187740817983037,-0.8914367603422547,0.7928169369493261,-1.9177860579146526,-2.7614468479449026
-0.21418104589866327,0.6736755824600418,-1.537966785700373,6.715001345501974,9.683399081944872
-0.037721784335581376,0.37544655387726444,-1.734939718699429,5.768593095668153,8.52457187035428
0.07633092646196116,0.14867900966143072,-1.3834466451502894,3.9928292773203498,6.198873149774974
0.453923591046441,-0.45814814986577723,-0.6543907348534367,1.5170772317906889,2.33855816610592
-0.2528548340088649,0.020770805646888713,-0.7443905365845668,3.319108455666995,5.121129256074109
0.46163297567513106,-0.3759074280307195,-0.028841989726316408,0.33632142761255635,0.3875662374748451
0.02402609459092342,-0.11820034217740194,-1.157589625188749,3.5185350564345956,4.7372352067133
0.22838696209000509,-0.7315638182454944,-0.18044800425025997,0.1020186909159046,0.3513623563687942
0.2813408967587969,-0.05295860968963084,-0.7994616161409563,2.425512284541357,3.2316376933222792
-0.3353907711032649,0.948636412597449,-2.1937365791785814,9.144966096542165,13.531344375282167
0.4747446050002133,-0.45277379417967256,-0.4198974201056741,0.7329126981001579,0.6322552623105581
0.4761205778081664,-0.8619014010123306,0.12379510698741225,-0.23207441914136362,-0.3576640106441673
0.3661700552572066,-0.4329275013408683,-0.3542686709916274,1.5898030403235468,2.221664331646756
0.34335481547264846,-0.6187943234434772,0.3277598709994367,-0.6628947234086372,-0.5905295387922722
-0.17373557826980024,0.3624052042157025,-1.5997287094117372,5.767129533179436,8.75879622085611
0.3520664607012145,-0.20295137504120608,-1.1254296563883581,3.3860187003364337,5.320887913802657
0.388327957126259,-0.483501439078031,0.16129357020829327,0.48167336621530116,0.2473153140400518
-0.23347354877395998,0.5007791311715234,-1.9049514657230504,6.2467567405587445,9.470220350060526
-0.32934378007299137,0.5049486713048187,-2.0661337152418215,7.39734630442468,10.8013457027201
0.2569787491436959,-0.813367235332423,-0.4521611922651776,0.5089440096826217,0.4838721686218669
0.0777352938932433,-0.528770879093573,-0.8474729486014674,1.761351574144267,2.4089138921507782
-0.39213680016484076,0.5286047832599813,-1.417920116442724,6.127784508624768,9.197134148160451
-0.10049440094189566,0.37961224410050554,-1.7897999767254724,5.898928876807699,8.895518660596139
-0.1680000548343734,0.0038460098907943663,-0.7233519914798557,2.3125015835364118,2.9460147629191873
0.16069081399697283,-0.6672441898759047,-0.004165804659687078,0.39932497626813646,0.21732857727910282
-0.07959484598188227,-0.27428466913055566,-1.0189080012614395,2.7458015240933005,3.4911715067787092
0.14867629948439331,0.06987669794976087,-0.7520268997561149,2.960094965327811,4.148860398022191
0.29938806807824214,-0.8153392527967844,0.19308553342112,-0.4170872432683454,-0.7544100523237935
0.2070725522656809,-0.6840743481096715,-0.7204392023789022,1.665246493715283,2.5664376927895276
0.11753534290749923,-0.32763124420944245,-0.7915749215222903,2.5634803495606286,3.346541904685882
0.4064677298230023,-0.62609203938142,0.3385108523636039,-0.5522771628451137,-0.4968976737320274
-0.25221824327883025,0.5551053809746928,-1.9642207534517897,6.946370586539744,10.065268044316317
0.007556498852965721,0.40961111710871156,-1.2927496748670937,5.035307131819362,6.849053876676553
0.2561116530041684,-0.2941109084137362,-0.5666902227097356,1.4691885306518695,2.5087502510403383
-0.2759656030079929,0.5749608707392436,-1.6760322215927315,6.913057506701552,10.286660647666457
-0.28830635838685725,0.7475275776785171,-2.097209825595828,7.897252032107624,11.606071930444568
0.18427304515423615,-0.17881957965409329,-0.4397758483894264,1.812392548464905,2.58498061786111
0.2806391567523404,-0.25419861731278015,-0.7745217610165652,2.533707211864717,3.752478536795094
0.3863647883097012,-0.645782797687499,0.05950310436044759,-0.42247764515064373,-0.9095191406604896
-0.051686311039572996,0.403369890774271,-1.5683713224068172,5.691119889311288,8.440548077012586
0.21629609237490743,-0.002013041062209009,-0.9484615815671489,3.0811386176462294,4.622954052656512
-0.32905044577239684,0.8081449604922089,-2.1837222613590583,8.196455083019913,12.080976493672292
-0.18524074759954,0.2019617768551732,-1.0127041528362266,4.222457433042727,6.507503884062225
0.13212081427673938,-0.4656196433345506,-0.47807233148296713,1.2160665518211027,2.136913272042242
-0.3521164479935033,0.7917309254692367,-2.0506241268648604,8.15808429748624,12.122312590646809
0.4556823886948198,-0.7156336712096204,-0.06603971183539725,0.4101482689100785,0.5195627389798282
-0.3721425222114997,0.2156820656993349,-1.570080604071506,4.977537531096227,7.443602500452209
0.2767641682552443,-0.2673643748692115,-0.5826899700997672,1.7246708285667505,2.9487215760055725
-0.18138614473137482,0.05905112821106362,-0.9172843997048002,3.3484695581048873,4.5793656093179544
0.23290528109472186,-0.878454815858047,-0.044802327621972005,-0.03172913744273084,0.21959274820970745
-0.0952422921182936,-0.1697559788899316,-0.5497996431765417,2.245991528320271,2.971637944318072
0.2476288452455946,-0.30353355546128225,-1.0536478628971406,2.9594222039227116,4.039362476596884
0.4003383427056294,-0.7211297037706007,0.027680419811354162,0.3050294496121125,0.36614979742272136
0.09614333680842402,0.16821798635608898,-1.2500409642739783,4.549634698696388,6.482071537740903
-0.3360719331729136,0.23097304413614617,-1.1812528685556274,4.369928039582627,6.482390742074767
0.45106942504930236,-0.5089711832721212,0.2331633857778458,0.18796131034375058,-0.12507316836547128
0.03248558284605518,0.09053081950332464,-1.1296664167902115,3.558745080545145,5.457174235475714
-0.260572605961673,0.19930499740991714,-0.9761630413369946,4.238404808218826,5.728658714428139
-0.09157269943701973,0.40712906512187086,-1.5345019545093188,5.537768617457039,7.4858896436470115
0.22109255168178654,-0.16965314172803886,-1.031025887503293,2.9604284302499124,4.158689001830536
0.4353004083865615,-1.201173393628157,0.46895624293380744,-1.1933966110730845,-1.4403979506851434
0.406586317718425,-0.989351870536139,0.23770542397430094,-0.9279539388375528,-1.4854716949322957
-0.3597107020995053,0.8075270367659428,-2.040783142162172,7.933936207433426,11.754992907401466
0.37178958511449745,-0.8105407680765087,0.4403594885556724,-1.3078599141899043,-1.7166244370133097
0.09016718031621385,0.09763420008249643,-1.0948980978858174,4.013914644804568,5.978735310886486
-0.09032053504102833,0.203938256103655,-1.1133620146045144,4.365843221740825,6.2926372948865605
-0.035632975666592626,0.4232348080134657,-1.3087980170198978,5.173638547498484,7.52628176575759
0.2946117182649748,-0.9366243568069204,0.489048967418133,-0.83887059723548,-1.5420461536278407
0.3447750794029858,-0.40715170122160327,0.029709820553317612,0.06182375389544492,0.4763679804868317
0.15789689479292912,-0.32887277176684954,-0.277527291152428,1.4871717999495633,2.063507275022682
-0.44153870697210684,0.8401622362224069,-2.055256441360365,8.650524226145304,12.373664623325146
0.30846367329404023,-0.7893540517462035,-0.10294578040531432,0.11224134041790518,0.339814465360757
-0.47425578625013054,0.6506518406313223,-1.5140218633264166,6.94717581796943,10.374671437483974
-0.11223185797819346,-0.10156966032367548,-0.8528545246032703,2.950972463543909,4.485945531863671
-0.05583256228788169,-0.02286780243517475,-1.2006512204939588,3.533525179964277,5.0206439176205615
0.006106694165356363,-0.272363819334893,-0.5694462240748873,1.6801481600117119,2.3775210219161607
-0.24404660720493565,0.14338353868368936,-1.1161143462750802,3.6231458875740805,4.986477831886841
-0.08093380861964294,0.612242848920476,-1.8644970510641652,6.781076953334449,9.305909317570734
0.2872984265883982,-0.5866414950148302,-0.6315883243583948,1.4104084122222704,2.4670883006029776
-0.22873359331583532,0.6033126076475619,-2.1740073600997083,7.540946627297762,10.439421307802535
0.313250761971703,-0.7081501200560031,-0.27876270371895506,0.2183548644763068,0.08440191482551662
-0.487424149126381,0.9758609507308456,-1.518855991421554,7.986448225827622,11.927637116131898
-0.3572011330918894,0.6631992325879341,-2.193573412559212,7.604239783345859,11.008554820956276
0.4253006741749734,-0.6778984375692518,0.48059056951376666,-0.4956669901078897,-0.35943096789333984
-0.029600070779086995,0.27775198935356193,-1.573788574768618,5.226316777669981,7.707738811110088
-0.4492023600965217,0.998926363776859,-2.130001460540803,9.17372697208292,12.73325615370706
0.1104432526277288,0.05680168250441947,-0.8977363933552138,2.903011638494855,3.822779874079981
-0.04399295920241375,-0.2719175805954658,-0.521750382371332,2.043595870025565,2.5551224060228197
-0.4114123311981981,0.35880084362791376,-1.6764009431753975,5.790373587756382,8.304705708411987
-0.15203750685113693,0.12152022531384482,-0.9893864947062755,3.6114575773606186,5.507730352981647
0.11442608435399892,-0.23087748586604598,-0.8680053049500369,2.429720794903415,3.710807405584417
0.12770854456211833,-0.5129933745200463,-0.6913023310165021,1.9083844789434155,2.4503628175971484
0.3869030296057585,-0.4459851111892268,-0.7184329380671214,1.8602780096866565,2.5908789878865437
-0.007493910616910182,0.2334862894342904,-1.4046572154369417,4.389343335227981,6.50779788393087
-0.3952622060589197,1.1483273374887824,-2.0511287639981224,9.733331863271578,14.385648226010217
-0.38644689292657697,0.9473219315195988,-1.703789252710265,8.154883041235365,12.138430922288908
-0.08319669326927637,-0.23820129528611336,-0.4123672571515373,2.0522297665842615,2.9546284750692298
-0.31467886127041833,0.749947779941147,-2.3110513411492977,8.176727250533391,11.669908133105732
0.42095383281354704,-0.8704469542419702,0.1544464232408156,-0.24050739450131164,-0.19399302584733707
-0.28792175731121716,0.2948292570251142,-1.8423141386721211,6.25086680510143,9.14791462238348
-0.12363024340623296,0.33176627571865575,-1.449383922416045,4.770917450938669,7.331278300365049
0.01238188240252136,-0.22082637302911248,-0.5344428310131636,1.5428567643526558,2.215847483441146
-0.1695977626175127,0.34611967763195767,-1.3850151557163524,5.240994843304931,7.571327368566319
0.1645962662177829,-0.2299887418234584,-0.9588021499613048,2.174291241832094,3.084634501818167
0.10525555599521186,-0.16659144056160374,-0.704809532413801,2.7276657326128504,4.13797649652622
0.43936769478808335,-1.3060490902881168,1.3314472972563007,-2.8616889898502382,-4.278323005123829
0.3319590605471314,-0.7683360078332647,-0.4912580799396472,0.5893188079143873,0.38278364525090236
0.102961688608744,0.09906795239813179,-0.973762714381332,3.203704961839861,4.661349063718929
-0.05328828735276203,-0.05404736458651488,-1.3003178787372907,3.8396597433782422,5.300640074082698
0.11477468725070938,-0.2039738609278456,-0.6654783645915322,2.5844474207125416,3.963039772865957
0.12306599958409714,-0.38213390720204815,-0.9455894189852634,2.3316202574298335,3.0233718503452027
-0.23042240006399106,0.12756748617881286,-1.5401808540595945,4.735162973655944,7.15170556588944
-0.32198241454378784,0.2982829188827574,-1.0443256573592201,4.230240589372409,6.341705412997985
0.019007553777967368,0.21352665911150315,-1.2035220989182052,4.34920266356287,6.12839348641356
-0.19273686949453606,0.48622903418100893,-1.419378760115463,5.4866076262772845,7.559020574915469
-0.11476955330781724,0.6454008583617847,-1.7293552654087643,7.182244967824776,10.67935945916465
-0.49833637632298966,0.8473564818832939,-2.20705401751439,9.07060225649499,12.880311435463003
0.18167797784782358,-0.20115186727169143,-0.4877135592551938,1.8238789160788667,2.2259012019651783
-0.44198454283325983,0.7901396154491835,-1.9346995825434892,8.411403838967036,12.099151684004509
0.23547146820194387,-0.4637773611556227,-0.7694299152132971,2.044199004336666,2.47877113692783
-0.2920401419273412,0.8969574738103938,-2.0800431439972633,8.854878017242624,12.389317315658314
-0.3352350968449954,0.5774674523617452,-1.8442585133922593,7.260741815525463,10.069422058945445
0.10055622616623983,0.2412439755217598,-1.2729018456821513,4.623277695961314,6.644730155016725
0.48347293800484104,-0.7782150883634499,0.42579602760714674,-1.1878956343883376,-1.8793143813928053
-0.07793040983446797,-0.2697117545559421,-0.49604285077577337,1.9817811518072452,3.073404146276227
0.3693191020642691,-1.1185401621982565,0.9932731669303834,-1.5709433356052824,-2.64998874912229
-0.4381591244036842,1.296803225144858,-2.158990648816697,10.804058440432117,15.33604858381619
0.008668257434656823,-0.11675393910908827,-1.4123648086903637,4.064768146985784,5.641633745657007
0.1817658642516381,-0.250423665830088,-0.5455665430939245,2.294667652774146,3.5457790840019814
-0.12461078100976763,0.16322363318557917,-1.3045163972665401,4.640603050885691,7.050449303197655
-0.3705304775482071,0.3476713288528638,-1.2896861289494668,4.837730795580438,6.946752455412763
-0.48459355417309413,0.5263571492114744,-1.5797508828553806,6.409000098853632,9.27434941583374
-0.113257663912403,-0.07677046410335539,-1.4134876449200524,3.6852337722146067,5.594268521488954
0.24273846714417358,-0.34588596447512243,-0.9576820628246443,2.595465576596886,4.102083843861461
0.4905517338292045,-0.8653474511801154,-0.09072035981233106,0.2185108888964061,0.5778303568640932
-0.03692737630888898,-0.10276768789914449,-0.7631590112650428,2.72493235681823,3.675974078403978
-0.20508282252829957,-0.07459963407414827,-0.7665022804871888,2.551660259635521,3.2408743782299467
-0.1533331589553879,0.10905731530686291,-0.9277336427145254,3.1054346004135214,4.17485299709496
-0.4080689208018119,0.6568579992183621,-1.487881914687589,6.488428253215764,9.446413308353138
-0.04988676773624712,0.3491577280746291,-1.9695492273144124,6.247274361038528,9.029085177950284
0.1271286230489581,0.0011660380489295907,-0.9290375271403201,3.327428624445854,4.790865622963945
0.12357741223708063,-0.5083085495211823,-0.4649195700915827,1.0134346657021878,1.0299521641682112
-0.4872309724870917,0.6333820650610931,-1.9398291650758384,7.49040057553229,10.67801018650886
0.1337319645410171,-0.12071000045093203,-0.6017441079591306,1.939444481258061,2.314060365648241
0.16568642865838423,-0.1562162703460736,-0.537669862623292,2.2639178144790075,3.407678314158262
0.0020245284001009223,0.057339403254243054,-1.1463845967132222,3.9496814479796734,5.423373846386091
0.4448792994203108,-1.2150096893765636,0.6472673384727406,-1.581622983485921,-2.066467837881156
-0.2419552558373822,0.2354880215061978,-1.6288462644361594,5.306090278838458,7.659532868200437
0.3519159086521346,-1.12246926849549,0.07902784574997879,-0.5458864988993071,-1.2305152473803838
-0.3257784361879438,0.8671799771490848,-1.7625791523945977,8.562173560188647,11.94698373868501
-0.23804482553875805,0.7490022460736071,-1.5534450801540027,6.953739479392604,10.40749007169958
-0.29510122492817215,0.969040909994703,-2.7210928068871407,10.00306758219016,14.754780339375106
0.3853194963608946,-1.128350462437113,0.5133099429514016,-0.9745131947225182,-1.085068221662464
0.2935256794748252,-0.1394185908357236,-1.2291769803579793,3.0064738076394937,4.392834310715829
-0.04951622489255114,0.5104703702900975,-1.922885667415918,6.946313300990737,9.845227035723909
-0.12197692809776572,0.7244475167264847,-2.002059979823784,8.105622995650236,12.110261370451441
-0.48709871024709506,1.183350820337548,-2.3151031070610535,11.240202594986437,16.566766604909176
0.20193958853710392,-0.6127453686610526,-0.8155005358160636,2.1779782604221043,2.6477808833106575
0.4649381252645671,-1.099709323201337,1.0986510551184498,-2.317896213330779,-3.710813711398098
0.2785193236144732,-0.3295195251224192,-0.1865169259833892,0.8218963657076105,1.2244912345969952
-0.26692337378127307,0.6759134852391813,-1.624552364073828,7.3930141224025805,10.817676957960932
-0.23549796858983085,0.5980936958897874,-1.9312644975347886,7.1096015974009905,10.184596470110959
-0.07719713452123456,-0.003378256426200432,-0.9937445428489527,3.1682174246484345,4.236248161336684
-0.09226831685672854,0.19131380303992415,-1.2136300420459096,4.686527723849241,6.656970103570301
-0.26766231853192235,0.2990519187031487,-1.5792560028391844,5.0193993771327,6.920540523594392
0.2916177877945543,-0.4452942734995503,-0.910966627998666,2.16019532023184,3.4093921428187657
0.2860856998841623,-0.2593992763676397,-0.5699283760439494,1.828828495669903,2.671088070700432
0.20647083477681583,-0.18511000666477018,-0.4213503477013235,1.9508560556580061,2.713127339141222
-0.4950393984309196,0.8527284355268073,-1.566728401618473,7.5750265528711065,10.530453156033653
0.4173782984001366,-0.7511313706437689,-0.17031042964585386,0.7778222242547347,1.1325253547591454
-0.16244189489380545,0.5743798874885695,-1.8105378034011368,7.010169303893478,10.143218446571359
-0.47118124465432487,0.6087263656989873,-1.6504610098561332,7.105088578522659,10.36637536979563
0.1374190342166811,-0.5341480807210879,-0.4352020897151797,0.8999768390316218,1.4992344603701873
0.2375992951678767,-0.45668381423404636,-0.27184242285974103,1.2365294912384721,1.3192876993790137
0.17096101462451252,-0.3236610073208101,-0.7374809187877627,1.6649616738922286,2.2711106520495807
-0.109083751869689,-0.27375270641907057,-0.4149700458513458,1.8152743024129598,2.4814193167515946
0.3611660005168904,-0.5894210316147436,0.011725381680669389,0.5511494447229992,0.4627461720337196
-0.14349148961140312,0.18447613028928456,-1.534238870710631,4.770735529516966,6.679952704829755
0.038258249986968806,0.005261879228253635,-1.0925530103195098,3.679158857061669,4.832776321412481
0.42175653939540214,-0.3691747601496618,-0.4197466107556136,1.8183102766013333,2.575888967688761
0.22789532172432359,-0.5905139384681046,-0.044366711040734974,-0.004552728712151954,0.007274813368751386
-0.40533167709093265,0.36130228861273916,-1.8146498440792311,6.13018480852037,8.801089794536242
0.2771386408104728,-0.8086511784811526,0.07759016354751525,-0.5548198924937835,-1.1555465386899382
0.4016909835425745,-0.9401617426242124,-0.15783188044770335,0.1509108629750393,-0.17720686761003984
0.3253882832161519,-0.2413904828016088,-0.18780276844589738,0.7761276197364365,1.3748156864257597
-0.023234714492818997,0.09226503861639751,-1.3095974140893873,4.182683706782692,6.261310174506921
0.32514779128525795,-0.10933146453851184,-1.0556482413459776,3.220130052201954,4.425767982960537
-0.424370909033183,0.5738902720134784,-1.9533386391077965,7.605503940769598,11.112624946072234
-0.2457733881742311,0.02559217200760061,-1.255659938675426,4.318920708706345,6.649784670382946
0.36686689605486045,-0.8807765641039933,0.3298009826846544,-0.2409343129996262,-0.007309196075274693
-0.4586121887926192,1.345103914010768,-2.017264925742804,11.346929965188151,16.10616054771598
-0.10194598082978301,0.4326053889848618,-2.129710672313414,7.278185947908346,10.095321361262071
0.36046988575643324,-0.2550120210543514,-0.8939877717231905,2.338432908544179,2.9126283428750672
-0.054145231167533114,0.19549468808683768,-1.6650054222707995,4.854900967807898,6.982447445989423
-0.4153792312459976,0.5475071788841438,-1.2774244162613697,5.715133569362112,8.172804166139068
-0.040887476773284526,0.5304366444834286,-2.2895684977747344,7.622165059573061,11.207685011499475
0.23221593268731078,-0.7025071037096968,0.20392820673191137,0.13099917930293303,0.45665983172696184
-0.18360802581597302,0.23842090489295686,-1.705918333677674,4.879035945929812,6.583390895944248
0.40653091857140455,-0.9623078936934119,0.5714931650061587,-0.7560574616663622,-0.6153696432355401
0.44079640105500617,-0.6759323671280253,0.3005711019193078,-0.3370650149639204,-0.7266028486044411
-0.33223441918560903,0.5355965089991191,-1.2479407157565174,6.02221489669447,8.530786875648104
-0.40661356183712616,1.2129575336840543,-2.689793210881462,12.030137928498212,17.36911216899879
-0.20064319665327623,0.8403934348938047,-1.948301247619304,8.188461286733926,11.308856657600389
-0.030957352670776705,-0.3455397112100494,-0.9093870153553077,2.4790246979845225,3.7763795500997164
-0.3429859282045784,1.0659057334095001,-2.4094931826142663,10.267683516658876,14.451569749448309
-0.2584316869048442,0.7783917385970911,-2.027550772208495,8.598352759782927,12.776775126301674
0.43329875328210243,-0.5931166880696987,-0.44428839989622615,0.6065732457746091,0.6186623117855178
0.214880021494959,-0.536652046591598,-0.558345234338142,1.4295709290836829,1.9682566883568096
0.09794599463633202,-0.0025134555419535354,-0.7352394693753369,2.769471546351877,3.705325795187992
0.20795571722085116,-0.07590008356504158,-1.3255585688735834,3.414025151623244,5.053618861031294
-0.4972741309905018,1.2548019721368089,-2.5045698691187575,11.60199786990222,16.554694235378907
-0.35447863304312055,0.9647119176819915,-1.8474235144469704,8.554669742567357,12.036158675220605
0.1917502243332091,-0.5364187210159819,-0.6881926533481426,1.7984766480383865,2.9291570552532837
0.21496849791710704,-0.7145895037354669,-0.5271703113462056,1.3891301832052716,2.199762231496444
0.3529729216982259,-0.6123619988627311,-0.4717601321749182,1.3913775430382282,1.9716962802146183
0.08555022847621108,-0.40480232577499464,-0.18667963064988513,0.7314782499783041,0.8374050907530447
0.05725004396599387,0.1785637267561137,-1.5064035551937993,4.482623870758566,6.815879302919297
-0.10236226092175005,-0.2650499709012939,-0.9456650794393548,2.358402783646495,3.309490161722247
0.31655608043052086,-0.6630339497980721,0.11201591086415474,-0.03178849393940689,-0.08029791127974133
0.3520230521498826,-0.3757836187632059,-0.8999752691136452,2.3895126768881942,3.1268185474892736
-0.04840703692667825,-0.32945760554347026,-1.1099455277328536,3.058345168432397,4.730164970553776
-0.12440713839343975,0.41823815985794816,-1.4741539343841015,5.7798281945777115,8.358168776372626
-0.4495949076866662,0.5668101167733941,-1.6992765128161498,6.265734210318141,9.163631226197223
0.29207657603859993,-0.9155439323656219,0.34626151027635743,-0.4211394916890623,-0.6865533512843215
0.17305705003310246,-0.513806927398685,-0.959239298088411,1.7999880033387634,2.1067856056467553
-0.06079802927822353,-0.36764698688787545,-0.6375954610384473,2.194401694637265,2.954873389412127
0.004685373414041849,0.12131290993817061,-1.3108631878285562,4.42406047180911,5.880075902872507
0.3960522514968512,-0.9033081427806033,-0.09093805467537275,-0.19840787201781024,-0.7552745626596293
0.3776740768408433,-0.20834284637175093,-1.021267513891199,3.163918088765712,5.033129676285045
-0.3209164815934331,0.19438734452545514,-0.7957193263689144,3.635119838432572,4.820080955558687
0.34900949269277737,-0.2538855005448011,-0.6158258526821191,2.1556812716686604,3.049699455864996
0.009738943367244013,-0.020145862367012338,-1.6261397106489281,4.43882449285201,6.719345900082391
-0.39388205097032025,0.3498835836884647,-1.675080968420776,5.8034412533610595,8.2637568850115
-0.18851628118823593,0.7065481120946043,-1.840265689022808,7.405422051464811,10.393739861105498
0.18694573998051778,-0.7364657461061198,-0.21249108389255833,0.5743370733365223,0.7395873417753102
0.3934339104024174,-0.5854905404278881,-0.04369249507545314,0.6045221485072964,1.1928644237572672
-0.3916502655371408,0.47325178664741074,-1.5244743289036686,5.570467700070988,7.552208084392158
0.10965319860757683,-0.25471553950684317,-0.4255540759684472,1.9472970664876348,2.7879367279729332
0.17812892585784335,-0.2581019112009709,-0.4761991077355846,1.469357950648968,1.8056471818521755
-0.22382299372233938,0.8357374768901374,-1.663930973339677,7.392824359862172,10.187148230300668
0.2566405960191488,-0.6925525244621028,0.26163378729920495,-0.2489108972134783,-0.07224463047730084
-0.396671686191148,0.6250633323068641,-1.4390644609163834,6.357238938586607,8.652750255190835
-0.2603231119592613,0.18350744273764336,-1.7289603637253137,5.0320060908841935,7.148258340795104
-0.49950903619995657,0.7721533013814035,-1.207000333917316,6.676584273179384,9.642816211267322
0.0027379168011386623,-0.37927765447908646,-0.7487613388649871,2.1881213475512604,2.8182175657716373
-0.2365640448032914,0.48782960838754436,-2.130422659508997,6.881614423635158,10.291492439689984
-0.42193252750012655,0.843557190163998,-1.4171115931096336,6.919438048436534,9.855086257237886
0.3808814535788626,-0.5846430657557917,-0.08935914780164544,0.41495362064191726,0.27858244504220475
-0.3013350151644275,0.29050061198939325,-1.4105445144268076,4.756764912084399,6.94883217103957
0.06731978857611753,-0.19278433644517423,-1.4273110432807308,3.4769495615543478,5.137419715384871
-0.22853456973000574,-0.03375060017663978,-1.1114661055401744,3.407185324206759,4.786359247818343
0.09749957566115008,-0.6409841646439469,-0.6852323012052316,1.7385574953232437,2.030572773906921
0.15429663369788882,-0.47735739904700386,-0.3232340520608985,0.5097711231510482,0.8944208510415415
0.2255912918109767,-0.43020613533255564,-1.0335271650839561,2.4258084333792844,3.2247658077276697
-0.20427392131164968,0.5726964871086835,-1.7967393513709493,6.429447903697754,8.891990727097216
-0.4527448816025439,1.100275775975622,-2.6453032838380475,11.401994861392785,16.710832628462054
0.35727164794671473,-0.7623472227699915,0.24793399250709236,-0.6478297965093314,-0.9269870988635676
0.4692937868690089,-0.6167584611408187,0.459391457763868,-0.794815821181804,-1.194585075515347
0.38622471878148734,-0.490344726225611,-0.7283277787168081,1.3136109334745703,2.1431035613949208
-0.4173899513364061,0.9083556037492363,-2.393840140576916,9.179892661240608,13.16640479710648
0.2851361948225405,-0.8884066683121209,0.11770659842619624,-0.7109108416900003,-0.9100650482065922
-0.013996535394300458,-0.18673801097302867,-0.48265729053196116,1.6842726007208753,2.32731271454977
0.13212133689907812,-0.21172209867176342,-0.9813061863592414,3.053032207248636,4.776129655450907
0.11171525064483445,0.10626572495636405,-1.1909345578593595,4.031606787633628,5.8608334587284245
0.03503129008618033,-0.16180544985358708,-0.7325214518651727,2.706005209923018,4.292281493651054
0.17507793951889927,0.14161585597528653,-0.8814576993107615,3.13448239552351,4.904518222909298
0.1163214285246219,-0.05082801072492163,-1.42836509193075,4.16429872791623,6.244577720565419
0.07684078364048408,-0.3297828216294637,-0.3591569042390803,1.5458972581165042,2.270214585058833
-0.35717546686787915,0.7253834930680838,-1.7220339625294936,7.177324999940893,10.47132708915591
0.36493744869271794,-0.8033043911612942,0.4007583184685558,-1.1148467524410237,-1.8804611874056834
0.25349542255641466,-0.05923861338369785,-1.1863397798660171,3.736352478360547,5.789979333409501
0.4643691999319113,-1.3148634300889022,0.8821732227572644,-1.5648923920229403,-1.889732094459127
0.2917430034231375,-0.8134022157955074,-0.2760241847335989,0.5540698423908726,1.0835957429783933
0.08252127098088347,-0.5568313210912844,-0.1266973430299384,0.8464157992643477,0.7421686866225466
0.41716755108941483,-0.4698483239728445,-0.5497371311985518,1.4396039723858747,1.763898251863051
0.15426270863099834,-0.5956777920644065,-0.34424831101554854,0.6841678065251335,1.4001603072937825
-0.1898703102839261,0.5957951412134495,-1.9536970228490795,7.458009247604125,11.029633406204983
-0.3244965859244926,0.6647995069176189,-2.2646736344759724,7.885997211142236,11.68195407607011
0.10430777922365009,0.1363194408185308,-1.4361240284013381,4.299909000647935,6.085510641613771
0.23617413493830453,0.05592737946233123,-0.861220391417492,2.876698177425558,3.8915092443107118
0.32416213491418133,-0.9483445190657923,0.2542830107347194,-0.8884965658165478,-0.8864792067976115
-0.21471206054969993,0.04954313872249566,-1.3537531359727568,4.4112362292197815,6.213924746152124
0.40200014162622566,-0.6110579575940749,-0.15167330328404527,0.6983572113122876,0.8027301523276384
0.07797127623333,-0.608635545552489,-0.14325516259384175,0.36700930618466787,0.3284229939740262
0.22309305466441887,-0.09728719169109534,-0.7966969181583886,2.866217279935884,4.502501046258066
0.3081328331130814,-0.6961453269692942,-0.5026299026798686,1.5639558088980299,1.925051769836153
0.43128198412075336,-0.9027704520215426,0.3444990672796391,-0.692346692181539,-0.6622623623125372
-0.21000965289921403,0.4624303679896414,-1.9863920843280054,6.716545597317106,9.63232391539965
-0.10753338137395752,0.04198797033514626,-0.7489637288397922,2.9392230497527705,3.986155172391422
0.39996730549883575,-0.9432594351077993,0.5588110943485836,-1.317935039131195,-1.8102458095432166
0.3344761384536681,-0.9167846706460973,-0.22041726971207387,0.1867225312285466,0.04739739303394813
-0.10086375599286146,0.40631595911666923,-1.9431520485803768,6.417281118111363,9.239464563714769
-0.03266173415381013,0.3293270869669718,-2.0375364565658094,6.3320844517974635,9.215785027504705
0.21714762607352334,-0.295550588250983,-0.8497335936355791,2.1080532329695942,3.113263059499223
-0.43875035389831396,0.5516218439556719,-1.192640265378041,5.623246455925478,8.399421206422929
-0.13268138442494326,0.4413988596451045,-2.1516219147558973,7.239378196011029,10.525073196200339
-0.29376979980103457,0.20394424570267067,-1.603793743352698,5.251374755604487,7.269273268879821
0.018795183694204853,0.3433443085237329,-1.867656066933788,5.697526720670763,7.984851873891185
0.2721024261558168,-0.5594820466870704,-0.20472010580811617,0.8005883062536822,1.0529902719225266
-0.3700751333846246,0.6637897301999147,-1.2785739927273294,5.693742877965572,8.45400696137984
0.4867344571607256,-1.2006369559238976,1.0928687020166068,-2.1828750966721397,-2.7336101203492404
-0.03288828962101642,0.1766467886431126,-1.7216153631338162,5.165551754148176,6.9497991108605355
0.2730166870108943,-0.0224587293927071,-0.7968428613130968,3.125086095445197,4.985600009133258
-0.14758365302928111,0.36344205906468596,-1.5537521908981167,5.891591185695359,8.460380398993781
-0.011863221841324156,0.17439756270443343,-1.4303282587231616,4.848106315453261,6.600696099832978
0.4648642416539138,-1.0756416855812267,0.9886481869738627,-1.6434015148800363,-2.2968799400540414
0.19026215705561467,-0.5278247516961252,-0.3621799562507001,1.43521800392651,2.02159979949258
-0.47434677985665663,0.5781134239994683,-1.8601511706143508,6.936865162637238,9.520777978426151
-0.2680178666275138,0.5128170358478192,-2.0244808188946735,6.782521034612428,9.827217433826945
-0.24073924300991822,0.09548201736197504,-0.7689962780539243,2.972129555616869,4.7038843315962
0.4589069246037626,-0.7345755863825293,-0.27948881455136354,0.567326970604139,0.788139646837504
0.2695686699742229,-0.535787910369068,-0.7236992818117532,1.5141838800029004,1.9057793030702246
0.17863061713294293,-0.20774252944031613,-0.7116166570009842,2.0289957925308766,3.0875379066705557
-0.43034926133661877,0.37069219678623955,-1.5742063664441912,6.060529600208517,8.479385838790252
0.3038145253872696,-0.18070029358324502,-0.44454997864556167,2.2554870160726788,3.6573602376309897
-0.31832673849599114,0.47031533177506235,-1.6600584758858572,6.266255454521961,8.984528356076952
-0.3512195254483651,0.3598093398216303,-1.4116313183368256,5.531160593469409,8.235368811074796
0.368849903679928,-0.6848671762029251,-0.4207185793255296,1.173586140665603,1.2361190370165538
-0.4949628560525652,1.3499017201590826,-2.915205693641251,13.241225097940998,19.26620165627252
-0.43672011589677795,1.0061002029960058,-1.833749235226591,8.597256337949558,12.006176116216269
0.419405988910597,-0.9395423022936287,-0.08316383638851055,-0.19635596582890866,-0.5645356970734237
-0.24844456967534123,0.2656743321547321,-1.2580039206938118,4.9776109314595836,7.516417994927845
0.2743382743639662,-0.34867774090789194,-0.5553299405702226,1.1631660227506853,1.2959281378564809
0.15717318742068576,-0.7033627939260019,-0.23582702234554576,0.7568389183754971,0.8826353279936412
-0.38776763770975586,0.5862270338039587,-1.8313047855624247,7.235206898434728,10.270217559929725
0.2949289033455931,-0.5695622003453666,-0.03354094770632543,0.5308492472360615,1.1730843799496058
-0.29260901441808995,0.8044450460312221,-2.1293284331537548,8.14423810670888,11.349894686575475
0.19542658103805233,-0.5377589351429899,-0.7820478354656438,1.9497818218961191,2.9196656043161027
-0.11914665742122055,0.513632194882982,-2.2616187425823053,7.0916280042604445,9.896829375233509
0.04475985830674811,0.19948389911336528,-1.6066657353188827,5.015313985425854,6.998115130304379
0.4462064596611349,-1.3099849023622383,0.9577009526880517,-1.5827634418429062,-2.3300968723540976
-0.24082010961986755,0.1380708866521264,-1.524423563883032,4.572861030429883,6.620524959070545
-0.19890054267098667,0.5231282351785096,-1.5296849874305214,6.0978094265257345,8.440722194015606
-0.20747458329965107,0.38171420341633033,-1.9766165741005384,6.849396721730473,9.941246129998747
-0.12997727290117123,-0.2307504041911357,-0.8980393745014902,2.3508915827053394,3.4865536914586914
0.07662343729999743,-0.2827855550754581,-0.7933922182477016,1.9082551711993863,2.651573068421457
0.3002511926974083,-0.43235992736741646,-0.13569042507170426,1.1025215540014122,1.2855492217536677
0.39311351815160467,-0.23906790791928556,-0.9619498378387968,2.631272491710883,3.616272529473345
-0.4388111157859954,0.5225754873447801,-1.9768296259676474,6.945895043569662,9.582473106468989
0.15009653504707665,-0.6262937351742813,-0.32305712140342135,1.2696349905623596,2.069885480759771
0.09240459640749576,-0.3074013912871537,-1.1419218889126843,2.6337598661864563,3.300538050929301
0.10093905901271494,-0.13672183954582454,-0.9329083075236937,3.11004589568897,4.302353031434665
0.29333331183985767,-0.38077463901777,-0.9973114079009148,2.5157243489813403,4.040590094627008
0.4378562651668003,-0.9531112741984126,0.37700344598413404,-0.54160449722164,-1.0910147216802077
0.24825616222096425,-0.7330389180322905,-0.24461542437746453,0.5424920401166161,0.8033253885056488
-0.3283752995531528,0.11563753985775205,-1.4586089818436643,4.38905479469799,5.958329518367791
0.45465116277781337,-1.161698876312146,0.642151327254688,-1.5721793166382274,-1.8101742632459563
0.3652060263692287,-1.078813764192303,0.4211002622554374,-0.3246784457215117,-0.14613234939082254
-0.20034457375128933,0.11452811491084164,-1.685999390089954,5.17214228220186,7.247365841401187
-0.3777476658681287,0.524765312258464,-1.3901083482176388,5.7703471211371085,8.546580910150134
0.30599060202925643,-0.9900640484131343,0.6692477328357821,-1.3109244515643386,-1.8170473724254108
0.4763518248874802,-0.9796390304605481,0.5889836962406099,-1.6467784133359082,-2.645523500991713
-0.3725128919878158,0.36008605775567837,-1.2386898219656177,4.415017751018979,5.9807923489828365
0.15135934831088094,-0.19999261934741525,-0.646604169839472,2.4226765846624625,3.231742025060657
-0.4901631119536921,0.7890360487454832,-1.3050045346217745,6.365878008331833,9.279676637950345
-0.46450709241400845,1.0031190165841322,-1.5666492323667525,8.686066678591956,12.94063614185353
0.28518221028036894,-0.2539675797319123,-0.7074808795823162,2.335566816863453,3.634155885513918
0.31558358349876425,-1.0019317391472446,0.7273772982664131,-1.2379058635630669,-1.3759775500869242
-0.15065383681474487,0.1625273804143596,-1.4947088461131068,4.76278616303694,6.540386352876491
-0.05203962944495011,0.574511055443747,-1.694155145488973,6.461040418140033,9.702067445685094
0.27947720042042934,-1.0172073930749397,0.6952471245388443,-0.881637995434645,-1.6826361332312367
0.3577046552353005,-0.7060221083682336,-0.5213175888192914,1.5419686379273418,2.6607029494198264
-0.22389926773054014,0.38511335804242247,-1.1535835783225792,4.785712760946765,6.520479584775735
0.2842878718629166,-0.20473793395566076,-0.3784139728080461,1.2578575559762002,1.6696480481261577
-0.29912194805403636,0.34626129388163984,-1.7372465837381803,5.541387659378488,7.811070733660756
-0.05265775277386597,0.373915547406545,-1.7582518344528275,5.462275355832588,7.681651666839334
0.21889725180818087,-0.9047053891195191,-0.3248853141616319,1.017422524108706,1.6991182133867935
0.18579842534488078,-0.35462856186636527,-0.42591173497239865,1.249840671388879,2.1360661968418535
0.002289056535985323,-0.18493461286110183,-0.6904446377166804,2.2188377912292987,3.2599608281719568
0.16987340519082883,-0.007620211104625851,-0.7437726470069921,2.7916404882643393,4.058942656329728
-0.44946710931014455,0.7384565761198701,-1.7947300451107588,7.8286113004786255,11.014612529768524
-0.21173274343832316,-0.03653399182548539,-0.9224207494182637,3.152829350115992,4.935386716508023
-0.2837270323319616,0.7358039182988011,-1.6099089915892721,6.732335035907094,9.742230186287976
-0.4182069242846429,0.2906230824723437,-1.6211834258773257,5.261716563726448,7.474811938426877
-0.2923108646812347,0.3777898812381698,-1.87157460885106,6.139574093655744,8.884882811095894
0.36003013779524395,-0.6709259304659014,0.23895115903362718,-0.10263355067828861,-0.5430647818784647
0.39627940722711263,-0.4948968717644683,-0.3099995258141588,1.2289791211674286,1.3780408934879227
0.03310624495471148,-0.2484769092800708,-0.5820122837666407,1.3938880763011694,2.430941684240464
-0.015604861476528176,-0.3668948460163599,-1.2370222503645356,3.0445173612491083,4.094923380377532
-0.036832300094278736,0.3937236804978705,-2.0813772321418877,6.180845552634028,8.654990695361198
0.45904498769950763,-1.343490844368883,0.7789038257830371,-1.024510677579297,-1.415449439044228
0.4408186758646101,-0.44630169031044,-0.3526901306427698,0.8369109710706265,1.1898868358391805
-0.28351207831916114,0.1335149169131583,-0.8583732318034374,3.2225482781510313,4.688012547539695
-0.40500825070704805,0.37856618528697417,-1.334603050295886,4.872861468723045,6.86996572459871
-0.4456168292030248,0.49458091977079155,-1.015353230579637,5.33108491555174,7.56842908643956
-0.14233664780116395,-0.08706901484099894,-1.119216496217521,3.095111869195119,4.117894025418779
-0.08245714898115064,0.4480577081323866,-2.185179135951802,7.301802578736666,10.493055977607431
-0.25232425591604,0.7800240538878811,-2.0865455739636736,8.412464281500778,12.01552518601701
0.42022507255987984,-1.1116836212397598,0.47271285480470915,-0.541652672562538,-0.33851954252902383
0.3371540042881199,-1.0142141231672808,0.37470165668588584,-1.0320442023680478,-1.8537335758029467
0.24446307404773637,-0.3819489977768228,-0.44350484295667625,1.3918018466072057,2.1163979542613856
-0.016103603170360747,0.22964176213017046,-1.932630408274038,6.1197455672193435,9.263406899458282
0.3864957683891219,-0.659412730411452,0.06006365428306404,0.14857881754675967,-0.18846232798960866
0.44518735508522633,-1.2998638443950212,0.46765267629327234,-1.278770476323048,-1.617061080441906
0.38767200011671155,-0.4545508191946327,-0.38310594315168833,0.8975822058865165,1.6557532903250767
-0.23863877240170306,0.6577931157117822,-1.5119144490898309,6.8027002379905435,9.610832892687435
0.364227373869638,-0.4597985474207671,-0.7063750366494441,1.8778572916190912,2.768705527571912
-0.149632888107452,-0.014635897224381744,-1.4218497179835607,4.464305798094659,6.006884864718831
-0.3767317767204915,0.2705851225456667,-1.323938454701174,5.162400748246394,7.257793963289213
0.2436223991939167,0.044417516092176756,-1.5630130036221945,4.8033595620573255,6.65346192511921
0.3088845605762284,-0.5963847638650517,-0.45249551657142917,0.782978835672539,1.3108676831762065
0.4867807625065831,-0.6786284803941032,-0.3124762372609614,0.6188424560717248,0.44524818315479975
-0.019042515911350866,-0.36818470534694686,-0.7582117149273837,2.4754353041209076,3.5415647456062533
-0.24897746195486858,0.46775363608941206,-1.5797775326658778,5.940674910313845,8.593320037375625
-0.4346084792880901,0.8119854174893085,-1.6012444247195012,7.341339102165133,10.984125604454487
-0.08681643062159616,-0.21575991113889434,-0.4876692254865911,2.2340460107984716,3.6324708247484274
0.0774286250578069,-0.29232354572614727,-0.8801188998397431,2.5835832355835233,3.2203869894101285
-0.003501917832678725,0.39797301378860445,-1.5771959351334028,5.8810395594918,8.53478188412192
-0.33721235057666243,0.8170551292896946,-2.4304965945536123,9.060019954594393,12.923191745845312
-0.12845452956648573,0.4704534638588271,-1.7823710449649388,5.955698753967026,8.597326473790806
0.4179064455809042,-0.39855274685480446,0.02657481642831805,0.9151066263277383,1.4650279457902016
-0.040706139913901596,-0.11404622057414472,-0.9612639794317176,2.5066218441856862,3.3775418421966634
0.012223445578252501,0.2672226787101337,-1.6642236234136583,5.554466221971674,8.245465948622396
-0.028088381225729986,-0.3512481050751249,-1.1664041351352221,2.3861704838277165,3.85054077442717
-0.11528473713943888,0.29185021849112736,-1.5407200820218603,4.746402119402823,7.211542587805804
-0.4393729091047822,0.8508933797183059,-1.4741967620277143,6.9601792176620005,10.26031226372911
-0.2708154920559316,0.4346080380898194,-2.0135150942883424,7.115833112713474,10.253172036673801
-2.163668625043691e-06,-0.29082682255744363,-0.8030845262892048,2.198964680885849,3.1461132058752934
0.08443283071366137,-0.22942471433797823,-0.9682711475655191,2.7821003057001112,4.244152627214845
-0.021862040492606316,0.3849222378618903,-1.4279188556664035,4.986530821430623,7.440661693337198
-0.136107225678047,0.48371154783909354,-2.118602368774046,7.057376191394887,9.656805447668592
0.3034974713723212,-0.6235647647579887,-0.53977736998815,1.259872892967909,1.348842961010181
0.19476561271388948,0.10554109871700412,-1.0314113281352792,3.2955121799479574,4.714722397442559
0.44542015085923237,-0.5426945365872703,0.05812994374768621,0.12422248670510902,0.5449210804032569
-0.47226443369058047,0.4221476021410838,-1.2854652533747557,5.593804198888892,7.755868266822871
0.2440794496231079,-0.20297998920766314,-1.3055059298357803,3.4677383132492805,4.628307000075691
-0.43862413142943046,1.0338911887385867,-1.7697351981006006,8.662008457337368,12.88444073911389
-0.20902056238943822,-0.06223339876480427,-0.5350946442445577,2.6730558698467615,4.233519469530787
0.4171019676668435,-0.34878883801367033,-0.2400607651343895,1.4272768338418498,1.820325624502728
0.2753552964263154,-0.5448159654110828,0.08956480157528912,0.529367570796325,1.1012289537283624
0.16201916249722859,-0.5620480804327379,-0.17168127003464861,0.8717279691852541,1.5100829955610207
-0.10030352839732948,0.13467887909834245,-1.1639634526848202,4.049722044567837,6.316698793256656
-0.45017245120710736,1.1706009161473576,-2.4304051968890317,11.307180082449703,15.916977539787531
-0.2397471952438538,0.19616915396407641,-1.7396631230954192,5.421003304783135,8.189861404455867
-0.019131182650747425,0.4496555309916376,-2.237344557439278,6.673202833461044,9.149433108102631
-0.07722160710566672,-0.29171382411000635,-0.8680253687912732,1.9779365702584784,3.0162665653400986
-0.04186748899699977,-0.33281591671782185,-0.8171137142051574,1.7964558451179173,2.7514886959730096
-0.4696890706719389,0.9724237297462744,-2.116601931446546,9.376686091398675,13.8942919431593
0.1330741052292851,-0.23757298560548998,-1.3295616971305328,3.5630584094411235,4.849624451033926
-0.04903441808318698,0.26265460161743615,-1.8287968955473803,6.133064295674737,8.487658376498803
-0.48321128246043377,0.44168188534921804,-1.675411796149151,6.443048652304059,9.275127047193237
0.43921334191988537,-1.0562063168441118,0.03139181420824222,0.040891621321937875,0.5113517545254221
-0.30229957689732123,0.7650859265649608,-1.8494251721614008,7.837933016224884,11.045570183160752
-0.33041040540902156,0.45859771290412665,-1.9470355889817568,6.204931816525855,9.215997511853715
0.25509404520578194,-0.6695367462148253,-0.5599848755332253,1.5082274313498663,1.9879566334599894
-0.1513368454420616,0.6010953036187181,-2.308992403838891,7.690442551929343,10.809814559828402
0.1115483804677544,0.08870704612213681,-1.0197241483784754,3.9886533833880256,5.917629786296033
-0.49403385918102893,1.1633448603629999,-1.8254189449661045,9.531828886762808,13.973015332106392
-0.06856610640350791,0.2550821713407279,-1.8942901710843456,5.992165415830224,8.126553020238179
-0.4751659883637521,1.3376857951891388,-2.341085512564315,11.476260416142658,16.58025000581934
-0.2904381480156265,0.060949165737169575,-0.9725700820441274,3.3930070510137886,4.908210360621713
-0.30528258614876835,0.2201294267686681,-1.4944400236940005,4.550138612128978,6.429643145349787
0.47092675922698146,-0.9155121179331558,0.4750709633028076,-0.5734124822372777,-0.5389389696181921
-0.19758691351508972,0.1479819096666256,-1.3653425833338733,4.535318504136496,6.37525328402909
0.3392513859259818,-0.8372711992914689,-0.28816577336715343,1.074093612749413,1.587993186995638
-0.07924341850473848,0.6276009553247989,-1.5221851191253069,6.146837307781293,8.76368233108518
0.3621293303877573,-1.1289376086289986,0.6818261587808669,-0.9501652473689973,-1.417771499382054
0.16278722942075297,-0.7767054567142183,0.2964953642329812,-0.2767583550517534,-0.4122111236808737
-0.4929075754959944,1.351405141274531,-2.797242995010854,12.725930614468783,17.949179354988743
-0.3883997748611182,0.38208196488069734,-1.077794863228402,4.17042251769175,6.298268567778447
-0.4686549931465738,0.41415471864891584,-1.3776572334536898,5.592588922461159,7.829707405976359
-0.40955494539963033,0.7198623089241397,-1.3399257330001373,6.161546824759654,8.873264227085174
-0.2796859301558804,0.9017955648182605,-1.9811532982601991,9.002206551903122,12.713367441357724
0.28558268781417473,-0.7248016727348777,-0.45710089138191634,1.2903206576338335,2.214065867844759
0.23368063085009627,-0.0021348163303280265,-1.5422374322095873,4.051246047511956,6.155185474478304
-0.25528644382688304,0.8398252200972511,-2.4913348325651428,9.843372309063893,14.60005989464068
-0.10957705844662868,-0.01589056955536594,-0.9404445196314344,3.4194446502723976,4.779574209252242
0.3594879351582494,-0.7328088416151618,-0.49075628602300736,1.1561878198986828,2.0489257544186454
-0.42767884073921403,1.2187453996352327,-2.3965670013787594,11.482822325716464,16.86493906846556
0.06481575869523748,-0.4971984976885372,-0.5098631059304423,1.299568027986524,1.9418795371258326
-0.3849719367741593,0.2775132911486844,-0.9321645811374216,3.5899810907360346,4.808023612445821
0.49405472646474313,-1.2296731101712572,0.7641188464390811,-1.281403169929888,-1.637815459792367
-0.05835384762349516,-0.1659054230067919,-1.4782925570774292,3.726239099895535,5.801102271866724
0.4152712849542888,-1.0925540553324544,0.24927754834682925,0.004608171359974544,0.325929140687933
-0.34701728767482554,0.1767785561371914,-1.6205365305541513,4.571339538244002,6.1476423603145935
0.4903061733476891,-0.693765642385669,0.6152865746380441,-1.413006149952408,-2.5086143656916207
-0.440696066302223,0.48115685151221566,-1.2849963702534652,5.835658800169967,8.349153799590583
-0.4410776776502836,0.7753032376470472,-2.2929378242487273,8.66619803488372,12.870309558221134
0.323237135957988,-0.9804734772139473,-0.19665615156631344,0.0768132817184638,0.3327787062563412
0.27659224152542716,-0.6486360609772371,-0.48543764447200843,0.9234766818681022,1.8268450746730696
-0.2520632109605856,0.3660250611422822,-1.2423737233067658,4.490523106565524,6.582239625801205
-0.25315407949281254,0.8835712148157489,-2.2755503986094823,9.308597327023218,13.76295319642685
-0.027344919973850246,0.2561479162694968,-1.5185202132462634,5.48734309419076,8.199853521232805
0.4436025391802001,-0.4184655410359758,0.09096108416375492,0.3448793882235057,0.5343587504768796
0.12588652529748823,-0.24491269852471345,-0.46328573058892764,1.8065540186646687,2.187297142695502
0.33252965742245,-0.9487939486475138,0.16440203642585294,-0.5240156177548896,-1.1224177108825473
0.3671034216437681,-0.7727711313832633,0.3196126662438391,-0.3453230735974663,-0.1809057059754549
-0.3655506073666651,0.7731963543211806,-2.1635441663450603,8.832271586985444,12.565398576786045
0.0788085311721809,-0.10525111749476396,-1.3786195841862747,3.302304239769756,4.849566572672883
0.48694077713103756,-0.5088631802142891,0.371891124293693,-0.684983359615586,-1.1929235886141458
-0.40435473355019425,0.8440282113581072,-1.7957396681600915,8.479472768723975,12.580420228238436
-0.056453558441683205,-0.13842830101422157,-0.8617611990029345,2.9759838907731,4.693849986114662
0.2648533177618654,-0.03974649048470008,-0.6163368644492621,2.003319403483641,3.3353940312627204
0.48957706152827984,-1.2361430630553574,0.3462148219839216,-0.8671224654157315,-0.8178158839048885
-0.3802838953187797,0.6833436722860278,-1.978204371850759,7.506150840905716,10.85379804898366
-0.0955606988807145,0.5652872086066794,-1.6757074019861826,6.358358670942962,9.241757205553782
0.25296056180775073,-0.2603036704634558,-0.7735708847094448,1.7896620083793917,3.0348127245436154
0.09407993944561599,-0.13950170211915144,-0.5613716230149833,1.7539728812954596,2.393897980202309
0.378653066661659,-0.5160458258004156,-0.2989604036832595,0.6778456165113799,1.1052119896871289
-0.3978533092485539,0.6773584911312395,-2.1052186583007777,7.514688595226142,10.74177197517389
0.04251256133002612,-0.1822202343470598,-0.559667189441683,2.311583179477097,3.167526873136979
0.10919391260325284,-0.07514128180620075,-1.5732837823065466,4.2288450168977505,6.508231866867142
0.31426453959641243,-0.3471745461717356,-0.28853253067879203,0.8531330875639324,1.2959876533894046
0.3456225589346785,-0.20501361832244258,-1.1787526357501252,3.4889704552797385,4.98035667373722
-0.025834939824694425,0.3845698231210081,-1.7232670641900767,6.180034176228242,8.437672077288864
0.10432490582456522,0.26676412549432105,-1.807681305564551,5.552737523885288,7.637318999439238
-0.49214727065213704,0.5307330871734859,-0.9598621115456829,5.3425541793199525,7.7204438691283475
0.18902902408139222,0.1380895629688999,-1.396752962469999,4.589740705136778,7.092180535767586
-0.48455392532130737,0.6010335672088629,-1.9805397266233844,7.407715810520533,10.60772120333232
0.14708836646369705,-0.6925169682970844,0.0017198167226673,-0.27309164172865164,-0.26736632392966975
0.005896046511415842,0.14585040904966007,-1.5695251451811012,4.720815526917123,7.1376692728175986
0.4540597188367179,-0.6705591591199506,0.19179582464731637,-0.6572541518618912,-0.5263785214570434
-0.3369259863169063,1.1001301421829592,-2.4436926844802977,10.556040675307047,15.04000144604406
-0.11622327206630467,0.48706980431100255,-1.8471646991188315,6.1135491374283095,8.451567528950973
0.35729754687661053,-0.7715180147161926,-0.19146741100905096,0.13569538137469472,0.666359468720817
0.014095373125096566,0.07390368457211785,-1.006396361279815,3.4583698971319996,4.9987532203574405
0.3146243357120594,-0.4753972519158738,-0.4209745304790745,1.3060756243189264,2.26320889078518
0.0074254509305222705,0.25161564915530765,-1.980196909533792,5.632581069078294,7.895108236200031
0.1824019963534126,-0.2579669587000145,-0.3533815998316119,1.0067102473101082,1.0357677021131515
0.38154259605488383,-0.8228045123752037,0.13927784429039847,0.14430658318264283,0.5858368895857408
-0.44518417318986014,1.0090058974917095,-2.098527879063232,9.065691991699852,12.94812023483613
0.3808580146316157,-0.9678711259153711,0.17132576484939788,-0.26371433848536785,-0.43850087223186657
-0.3210393486792831,0.4463276361763593,-1.4071835721098922,5.82838186467796,8.861596136133677
0.2552970782992712,-0.9029377123213937,-0.011446453299504222,-0.29756752106689854,-0.5188983044381965
0.06583111576949086,0.1938574557064604,-1.187053536336434,4.36380907668233,6.346474455544622
-0.16707759620201534,-0.1184222644717105,-0.61014724168914,2.4579849386808013,3.7705427127225635
0.45850971951473196,-1.0535216883421459,0.532812420125345,-0.8271218957601885,-1.4637550397940602
0.3414333018803417,-0.20905356901666539,-0.5348923348106221,1.4298849133515437,1.8250982761859162
-0.21444278392119986,0.458034936594704,-1.8798588021357925,6.645123944513308,9.790915900936989
-0.2973168458426686,0.2705588227275342,-1.2237597159667088,4.198719493481137,6.342630199617812
-0.14100947130191344,0.755008067846527,-1.9744620492700018,7.764904631423111,10.862325343740048
-0.1678841852055486,0.692807484552439,-2.0000493474299574,8.155030041557051,11.531257120804025
-0.34024281286353986,0.20065376763542475,-1.5472743783534635,4.493331193302751,5.967698831353774
0.4374075729287451,-1.082806899977219,0.7750121982222558,-1.1391558548305374,-1.7526566595699282
0.38762497229272164,-0.5782910588973876,-0.3388338372676677,0.9490621014860114,1.7653523985145387
0.37484499471741806,-0.9979919402484931,0.242973078509077,-0.9420844599122717,-1.4528669359750315
-0.04428868048103041,0.1195056577925062,-0.9966271535651848,3.870612272075756,5.822859789689076
0.2896001398250442,-0.8724736453332965,0.26831678533126413,-0.14355895676554453,-0.6489730071622578
-0.1396423357520752,0.432285058529929,-2.119790764554901,6.829120207777203,9.904472271144204
0.36059879363309233,-0.6390768790972035,-0.05297209406220704,0.5691241666586401,1.2721363377050676
0.40644496422337106,-0.28610367755272625,-0.9148855782813026,2.874090373031544,4.615769941260043
0.03829992496788992,-0.43738201735567944,-0.4996403556990351,1.4647274650957272,2.1838889630661233
-0.02380777394497846,0.07497724935851882,-1.4005502023229093,4.689739090934372,6.255624700194004
0.03269907459801369,-0.24906004822115618,-0.571209517131498,1.7834812032318454,2.9035760235912664
-0.26187778195615097,0.5994903932367454,-1.5256754196090414,6.7032559661575775,9.870368073654227
-0.40814131934173214,0.46194479687857404,-0.9457210899987356,4.97936695389674,6.682314997136802
-0.11308000842282628,0.6355956018335844,-2.1760266154675243,8.03356039603465,11.804572308425744
0.2840746259144714,-0.5901412739412728,-0.6012391344195943,1.3073875095814105,2.098813743322986
0.18175176850172925,-0.40608491439411937,-0.9260481828432453,2.2439139491252265,2.822126181835542
0.34087272346333075,-0.34731938545563723,-0.41439847098328475,1.0860668304926233,1.597553343967455
-0.04853173521334264,0.4977333603067444,-1.9910037970922607,6.654978536211506,9.615132059008907
-0.3757280196539715,0.6924103043340275,-1.3749244348210423,6.688675351994769,10.009548823535479
0.022625233142438472,0.22923143976086793,-1.9110531265785071,5.568124301452582,7.947070362128988
-0.46050999021523686,0.499977746534528,-1.1538134482044322,5.478982654784138,7.934968256733931
-0.06913158192890068,-0.11908297736530465,-1.050006356012505,3.2072465366465908,4.661230534480447
-0.2985831390497109,0.7480231148416545,-1.8140278708319184,7.474112040310471,10.763102512195228
0.34424791686613243,-0.21317142839466374,-0.5907460206692666,1.6459378067964519,2.719125925634175
-0.37107409413214953,0.3069941574222773,-1.2704310421678815,4.577788553765872,7.027010812034216
-0.025362577288348565,-0.3184665998632984,-0.5991093232328984,1.6532379111568132,2.7913830298938205
-0.11486231240578326,0.6887434832670533,-1.9957517397058724,7.845260763596436,10.973689140649558
0.34538509469938394,-1.0507960649820025,0.8046756775005167,-2.002574216640513,-2.5106176653868637
0.06162470306814127,-0.5716575623395498,-0.4180374395857286,1.425806372457798,1.867292442215914
-0.02504535550440601,0.07831086192788411,-0.8796074395421312,3.392926332607905,4.390002613585029
0.09619404293325284,-0.4544026913618404,-0.2987216542006961,0.5329958176632293,0.7992836964938526
-0.2678588882739069,0.29554640851038044,-1.067310390666547,4.073914900407239,5.450357140210236
0.0213835409110541,0.07814407239467867,-0.9021829542757245,2.9617383181535653,4.25668443442383
-0.14996246174852879,0.13000995116095937,-1.610749899034885,4.926600010692482,7.3215589450061405
-0.3910820650059669,1.2226322171953687,-2.588673362868337,11.714259128497604,17.184537523286707
0.29149859731354333,-0.8136423955820611,0.4144052918556842,-0.8968192046727104,-1.4663271011297172
-0.1392045771389373,0.6240412103081477,-2.296030343516318,8.2578958063266,12.209187143825597
-0.22108878946914767,0.7862022054122635,-2.093934881389374,7.905107406162225,10.920394716256245
-0.49943038258322936,0.8659718567591946,-2.2201143200343614,9.305861802786534,13.492412446536607
-0.4619955120185377,1.3561345130051399,-2.8466558090690777,13.353273575449489,19.044347586351105
-0.24815552872147084,0.24409378976542345,-1.2822871466198875,4.25258434929557,6.161665957945875
-0.1704697107410832,-0.0920520563690021,-1.1213773671288236,3.726957097180188,5.049294296546635
0.1991276180280982,-0.30296108979724284,-0.8032966495759452,2.44677945829092,3.248379334958594
-0.13154393766700134,-0.24800269578385378,-0.8391032106483924,2.784044388844358,4.33833425142507
0.29652488791407805,-0.5770429866273215,-0.11747650477376359,0.759428589879076,1.3892409860698445
0.08716621454034423,0.17477150656921925,-1.4053142130058665,4.150256700815693,6.320149044397729
-0.14943294691610354,0.19748628122129908,-1.5572311021988523,4.697242377013626,6.730479386628852
-0.34260255124302585,0.34085235483123166,-1.6885443611249444,6.043382091145701,8.84924308554897
-0.49863059065941384,0.6825542841978057,-1.6295996305770901,6.5062650140881635,9.310678176688485
-0.1168857248343369,0.6310857718226561,-2.0918919863585668,7.8402234589287225,11.019120737926144
-0.09327969307254369,0.33560926463393637,-1.289990727256459,5.078539858493821,6.8063884703367
-0.13610875641592302,-0.08567711450327264,-1.5343866612918884,4.05076250401747,6.242610124390058
0.30240404471375126,-0.5989419784722565,-0.1730389671608874,0.6269174783150866,1.0982714038852242
-0.40444471936639004,0.8664114820841724,-1.8436619227276643,8.007732237283314,11.792615311215767
-0.3850977758205619,0.7209942861960242,-1.3172034377305217,6.614990313212508,9.082888213576567
-0.2665366914313565,0.780550895255726,-1.644319272969607,7.62844287842854,11.348481198302938
0.01373270342268762,-0.519235113475112,-0.527082691825389,1.2214618739552807,1.4025354659491187
0.22590140059165054,-0.6388611942698106,-0.4887025084431539,0.7745072726017109,1.4563632201406016
0.4036637406018898,-0.6757752241170992,-0.5027293868350609,1.5649548604750838,2.5142780724613116
-0.23290516474977008,0.47184451549628037,-1.9341213635767294,7.1528322723537885,10.520718422033797
-0.3722006483171324,0.29595974874839537,-0.9377729841076227,3.6414166378319823,5.4215833169678955
0.009214499556567612,-0.3419126182938119,-0.2958908338095384,0.7108929938953771,0.7243809533325644
-0.20040758961070715,0.6254941119861114,-1.6989553370066866,6.70375383878802,9.794159507335376
0.4844920388544546,-0.8658312554667412,0.4473180673365601,-0.4080381946991871,-0.9779476687094851
-0.4601574876317198,0.995348890973182,-1.9393696824358424,8.979019998353696,13.266586905741955
-0.3091049688860926,0.8913439318381526,-1.9700257253903044,8.347418092584341,11.699438585245645
0.25355875276366613,-0.38751079974004726,-1.0648939770640753,3.052379162670738,4.327273986912862
-0.11362242572015668,0.025160851435981207,-1.3329741362171657,3.7351321544862035,5.775142308983502
0.062238159492449485,-0.09244351315303774,-1.2462851587933277,3.7136164600875476,5.633597222353639
0.3154518104347863,-0.9559980870643846,0.7020496363397222,-1.7535890881822271,-2.9825894537058426
0.16686320409878175,-0.5381028797235798,-0.955423653465537,2.2788025585231093,3.2641904859275535
0.10355102024103935,-0.037359411274541426,-0.8926568357822168,2.6225349771349284,3.7949315755169843
0.18182363857488892,-0.7968788925712285,-0.21180952741386916,0.2465325091644484,0.6896634765414327
-0.435755343060088,0.3108715850921894,-1.6503983147897379,5.448433891608883,7.928863327124388
-0.4022007332821258,1.1347187920665316,-2.4436210956100455,11.115742839157566,15.544344512784024
0.10754894529734105,0.2644073040951498,-1.8807933285689127,5.856099641908845,8.337631594667208
-0.1321556613489313,0.6512753182946912,-2.4467574288828944,8.09107182985776,11.790781099227356
0.4957141910034085,-1.2060159079437092,0.9734782614143642,-1.5851286103245252,-1.7905222982755005
0.32065902003839797,-0.34141160163612694,-1.0219227631902792,2.7084595623552703,3.777382772543
0.4264784449316783,-0.8363079299506898,-0.26568901619827967,0.07270559633856921,0.5891045447623751
-0.3195367081600714,0.16492702015029614,-1.2623630702661417,3.8386359813669353,5.566741128407936
0.12473029163660143,0.06312642464294693,-1.6141948633931142,4.2475745587662255,6.069466599423861
-0.47212258459448364,1.1857980593361361,-2.3229645930148464,10.6600485267121,15.238812361817551
0.23514232024003157,-0.2151258774564076,-0.9378464079183314,2.4272310185123427,3.5683835447313768
-0.45777834777607873,1.3475097139047336,-2.8921251958483425,13.176616187786042,18.86937669470229
0.17407954172695062,0.16852265479009765,-1.2044861598773806,4.321809140853339,6.095897279383281
-0.28763115464871036,0.21409468435181966,-1.1395093981805542,4.561977721538982,7.035823071667627
0.09119098840833395,0.12589857257284778,-1.1964613292530137,4.340472788784599,6.233758242803597
-0.2240253126140621,0.5762622031719369,-1.4511073171574012,6.436077408374182,9.531783433243216
-0.47759718620140323,1.1142679139968785,-2.6638988037453664,11.252707395987818,16.181599301877153
0.18553704910144353,0.14600779164733307,-1.7787028117624217,4.827290887000351,6.670962334541845
-0.0513408558280708,0.4320561832164372,-1.7186541452897663,6.276859456327616,9.471093622430176
0.22423066250658763,-0.525302535223712,-0.4564459268793222,0.9927865552400724,1.8083965575380174
-0.4437155016080351,1.2622833196216139,-1.9163491837267492,10.856304997972988,15.247422300158615
0.03020342155040312,0.3190206793501409,-1.7454629395455536,5.592485449136373,8.423948581468377
-0.4457336053512657,1.0348027064338785,-2.227228033550028,9.506804171933158,13.362651317825081
-0.35615295433985716,1.099008008940983,-1.986609233030848,9.86355026399522,14.247058411702888
0.28441325743594525,-0.5664258037699746,-0.18282347910210273,0.9902275551652016,1.8544263506593706
-0.27132769525414935,0.7176241985861164,-2.3736697448992525,8.243141354826992,11.913667542626298
-0.4066764826843269,0.2600535829098891,-1.6345101228099561,5.100817625743927,7.043842633285584
-0.35819128227236885,0.734418782496892,-1.8299804754742677,7.3498560109229185,10.330067630565237
-0.35856779048556564,0.8902266535421774,-2.1582981092719873,9.26206971233232,13.492412456821778
0.3438238909215371,-0.756118437735776,0.24293666783399548,-0.7416823049317541,-0.8190979535179804
0.08994253670263586,0.20072511568890694,-1.3082398815532874,4.4159792051313635,6.43953948952948
0.2923490214866913,-0.558376463604649,-0.806473630123255,1.7085698328245336,2.2374241713840144
-0.24278090361921578,0.23385401622443558,-1.8469709900526368,5.902372497374509,8.171186866723408
0.12634083245959848,-0.18540851060847843,-0.5897983763456782,1.9752974374670667,2.9940548979531774
0.398907590987738,-0.33600901609576284,-0.7846572388810782,1.8668968155473755,2.412918123125488
0.03395549075081705,0.1193293900219586,-1.280289782192185,3.749398109959006,5.052383493522305
0.37073405616009447,-0.2390739701189476,-0.1700771713856417,1.0909271611043594,1.1993038976080608
-0.2819542853717194,0.47174089007406217,-1.1550607659681604,4.894002321548262,7.273770265992492
0.46692670001300773,-0.7094852398692901,0.4644537109992183,-0.6066612353006546,-0.6601388446259814
-0.42030751143566203,0.9096984730950121,-1.6055634100206941,7.7417920824977955,11.555980063385292
0.2611083597328594,-0.7462481847623568,0.300227196310323,-0.46193271429045707,-0.9022965474300121
-0.2982811757141409,0.7990469860141792,-2.4397945040344244,9.21532263018917,13.336099283412707
-0.38311229805660707,0.28015477691558766,-0.8930859223136535,4.330698318767908,6.64481580710756
0.05902593150999291,-0.0345984540895541,-1.2339140224550667,4.054992468024195,5.552389282206572
-0.18297771740076663,0.0181501560886852,-1.6041971522138412,4.67938829513221,6.6803958437054725
-0.2774800487051631,0.20414806591776236,-1.2552339762697633,4.096737950549789,6.354708772478909
-0.06087671026947494,0.5929945682797684,-2.3260877815175363,7.483441511196469,11.212019694224548
0.4884214329976069,-1.0234003774563178,0.12756950004876322,0.0043905068552103355,0.017897321361077773
0.13267755845643014,-0.22702136788013125,-0.9054943221685603,2.4226921261709955,3.431188484631371
-0.2213970344254561,0.5766662154848468,-2.004027284838693,6.84722519066066,10.287429548197295
0.4859022031764596,-0.9049471590452031,0.7763027295495879,-1.1652565649574047,-1.5755514294071737
-0.22083331910323845,0.6363809842288337,-2.079266085186783,7.666599578735009,10.767360772423443
0.2196516118981996,-0.8822776583993115,0.3471307129371024,-0.20882419296907617,-0.28284943515245486
-0.23666718546904253,0.6166394858223976,-2.3493208936048235,8.14877224803493,11.786075714012483
0.2743064479265209,-0.6855116386124163,0.2822825030005198,0.033439607406106076,0.10035990061637244
0.14398412438575559,0.11171364579505921,-1.739884199817193,5.090089262301661,7.222471790101173
0.0727068625777555,-0.49174603966048636,-0.804344783775852,1.5843822630316793,1.9239043800375462
-0.041105125736284776,-0.3929466852886721,-1.175871007164802,3.2475010576628667,5.036204526395942
-0.25715674015402956,0.038976833896650465,-0.6428022472312634,2.284742504836917,2.896550798034932
0.10942723847122415,-0.1812278848864625,-1.392435047064763,3.2915354476872496,4.370914070436072
0.37434754911728463,-0.9806217300422182,0.18111782968835577,0.14351150644828037,-0.14445998371095511
-0.46869458594912605,1.1244287292209276,-2.032621644239113,10.269958511738476,14.302050615471677
0.2326697388286103,-0.8769811309108435,-0.14735249727963895,0.6481540458144132,1.28942645225699
0.37992253516026986,-0.9714047812602954,-0.16445008993575638,0.292996013368865,0.8128780280578523
0.11688778025314916,0.11296025612138177,-1.5716324222956344,4.596119352548804,6.229294868931282
-0.2415693675916213,-0.00530829122891463,-0.8479575963396278,2.745839109727236,3.9085987748275106
-0.14852494055801801,0.5637041395427874,-1.9844784967316347,6.6878976926888924,9.506760633458075
0.24880482090529188,-0.8507353924648116,0.3343521243870655,-1.0743676499368526,-1.9182051243875526
-0.13317763560230145,0.5903214016078477,-1.6674238533765098,6.456480945272102,9.645316674801332
-0.49192684390608343,1.1984793930319124,-2.170314059626235,10.411288325314075,15.329863333279972
-0.39448170535776284,0.45205336689460796,-1.8575380836652549,6.603573442398164,9.733181751437405
-0.214659629882206,0.30100079998874363,-0.9946017678064755,3.8693385744849396,5.228579784766412
-0.10683019681061501,0.15658999816929337,-1.351981822091186,4.830839042087242,6.707760733881458
-0.13567527692821935,0.14598174818064658,-1.5827410377862812,5.306489613279098,7.320163316131439
0.30642772114223504,-0.8585833833362213,0.19194092536536056,-0.3723647462648039,-0.20279034792188255
-0.2784172638275053,0.24370455515747236,-1.1305767884395141,3.8209354042135546,5.460055028960742
-0.08968668436671201,0.35741342335547277,-1.6670595593973843,5.380982484905586,7.385385744015675
0.3142268941187296,-0.9325556742636577,0.33478092574135354,-0.8790395505883334,-1.753487780606493
0.293437280534362,-0.763480631831246,-0.4380678001772197,1.304271292715702,1.6533465891309636
-0.2947746937663568,0.11097915014878834,-0.7763231750743786,3.5502265398321287,5.577434205424574
-0.1359269877351078,-0.029218532676554276,-0.9404726645528706,3.5580778638016826,4.646280464537522
-0.34368685045711644,0.1766841275956238,-0.8993399537902068,3.3651510384417263,5.248716803152691
-0.40990001179762947,0.9602972035871306,-2.459453069257513,9.6029334646438,13.361759644544463
0.054193186244705815,-0.19631001217338342,-0.9271442722439507,2.694428931364956,4.044900268053833
-0.1805077576450851,0.21321210480782193,-1.202969812751377,4.155117748428157,5.822506641421486
0.013689216526148962,-0.039808492819153066,-1.1286689927027007,3.3292713801065847,4.741188180773761
0.08790989857807008,-0.4021200960155803,-1.0755700111052535,2.5257232964928122,3.3517614572620498
0.10619226760926037,-0.3370660061430893,-1.1880208089775035,2.4629387493346697,3.378898328351053
0.4407652066938389,-0.7283677577132875,0.2223023156392847,-0.5099407646290353,-0.9249125971648382
-0.2653507802996895,0.21778141393363054,-1.022411112500059,4.217011898692542,6.270680264133767
0.39808529322996145,-0.7780282766461649,0.605232476410723,-1.1347463141378609,-1.2598972583806112
-0.4486913381668862,0.9089898764520457,-1.8847454857202197,8.807547152864826,12.569800919377904
-0.46961716088761596,0.5110599962250048,-1.6899381845062615,6.51621163328192,9.6830055068079
-0.39123193025366787,0.5342265225544932,-1.655362941393672,6.81193794660123,9.303427975348185
0.1436891470845285,-0.21488984428128272,-1.2747355137540604,3.4977573886664453,5.315579086990571
0.030293517458405472,-0.15505245992337902,-1.0895864435155147,3.1365487666326515,4.534612785175686
-0.33787681689291127,0.8440699762421633,-1.6837030433645321,7.481927064215549,11.088689253762617
-0.35209505257873464,0.38582727628147273,-1.5355788646207977,5.979433391238323,8.31922853626553
0.029429308423308376,-0.08398209579632168,-1.5417253373516044,4.621915692901839,6.5205553230439905
0.45900589876426423,-0.532194774093888,-0.44957687811335545,1.5108784804687279,2.3695338348081303
-0.3172699940625642,0.23253890007689448,-1.1070062629034956,3.7804259213443197,5.782626117004986
-0.24087048977490233,0.8426793274579751,-1.9445397127109019,7.937545618894113,11.388209729451741
-0.37941670764868884,0.6525392874493311,-2.0282812628551863,7.466125520721903,11.078606323290959
0.09460184367152424,-0.19601399694205085,-0.6223991884635153,2.272489658072279,3.314929123830798
0.4267692898592671,-0.6574081726761579,-0.2226256661739262,0.9175121439375936,1.8102567413274917
-0.2619848586028485,0.528834245206111,-1.6606673319180283,6.039858098559037,9.086757096508883
-0.02757873681866585,0.37451593334241323,-1.865838433761759,6.28532823963574,8.92052699381631
0.40761455856135953,-1.0710699704915054,0.6856490524326475,-1.6696146989321468,-1.9445193632633955
0.2082831405747101,-0.7572705270512143,-0.26852784466733925,0.21403976914472267,0.5730151199483007
0.028286663464507145,-0.2890970877551911,-0.5724149234173076,1.7616166358016474,2.5577536901509133
0.13930676804499087,0.23885758710412563,-1.4746370824270745,5.285156692820603,8.088237104788632
0.23083957023432078,-0.8302406353425563,0.10996112417773152,-0.048034844925294584,0.12593522813040653
0.22847845208436646,-0.3942641865657106,-0.15795207157109337,0.9796083196657662,1.1027532891354843
-0.015022891652533121,0.3013066177011388,-1.6469006931903252,5.364898043308056,7.325855550515605
-0.21852400619695955,0.7388079430068788,-1.9759587687013411,7.6571003047060655,10.768880392887715
-0.29382540710268434,1.0036134003343893,-2.5912555530327532,10.845458630576198,15.825399934436918
0.41861387766964,-0.2829896754619461,-0.2951428026506784,1.173464565586675,1.7372535430606177
-0.4417533036724772,0.8734263494510547,-2.205269266502601,9.000221826240294,12.834597534439304
-0.16292685957997277,0.04364972715054799,-1.004851004815794,2.985590962769768,4.550092904621467
0.19005013776230717,-0.3333855959525735,-0.27320085244006476,0.695276790142494,0.5232190238092589
0.10006902730372458,0.05001500592623412,-0.7998663976942956,3.289845786698568,5.042592174905608
-0.066781399856508,0.10080688720941171,-1.0167295897749424,4.032310547863352,6.044547427003983
-0.3957671341349621,0.5079972217094616,-1.4818306095433131,6.06273082080773,8.39512722129428
-0.3604719487409248,0.9921702305027313,-1.844232064561538,9.29679259934329,13.252777551592182
0.19652287271696955,-0.03619924449015938,-1.1088755448542782,3.675806307255619,4.821419543261131
-0.016303385530639813,0.08095406924919507,-1.4265661719339757,3.969822296336792,5.218242910791432
-0.16044926904889623,0.3998173242855709,-1.4447231507690987,5.000037355176187,7.683614531967883
-0.12520646891735832,0.24627904822554902,-1.768779816747828,5.96396076479935,8.561143306316515
-0.0713140191870506,0.4147021485907403,-2.1397505954554803,6.505170116520428,9.22293744534805
0.18305661889601654,0.04679633077728845,-1.3169981798505948,4.159508079086168,5.6752927245127145
0.10094778952481342,-0.6856387773116075,-0.46978337564998984,0.7831566004298481,1.432947429855341
-0.429517020502188,1.2720513004355785,-2.8190971025169116,12.40657463686933,18.03969003805109
-0.34252214092259303,0.4808312489402886,-1.2039172645083303,5.263568278660645,7.067717648684123
