1.862357466676598960e+00,-1.628011728238747180e+00,-1.521210003750783191e+00,1.715218498654368151e+00,3.377989467543799362e-01
8.573738204358856141e-01,-1.794281981533872417e+00,-5.071222191114964639e-01,-1.900986475912652462e+00,1.082685072957120243e-01
-3.081183742864116448e-01,-1.572720075733611278e+00,7.216066702219327000e-01,-3.090647559339009032e+00,-1.134416023813429542e+00
6.401787969278098789e-01,-7.866361073930686620e-01,-1.217576631982768776e+00,-1.474001604593279335e+00,-2.597528449094085090e+00
-1.248249718425107790e+00,-3.676429955173034503e-01,-2.151874842850940439e+00,8.641135666120706160e-01,-1.671492848028534706e+00
1.316060526895344696e+00,2.817124764802392267e-02,-1.375594999929034223e+00,2.469409945025479836e+00,1.901763988538387462e-01
1.309941626421071703e-01,1.362644203945632349e+00,-1.586789991986568893e+00,1.274898491293099845e+00,1.895688453338278290e+00
5.603559552225252371e-01,6.455083623507437141e-01,-1.128192261195030355e+00,-8.844001981820746039e-01,-2.818986779507699492e-01
8.772108775632940780e-01,-4.211600500380793255e-01,1.704770002349563107e+00,-7.818347053903977883e-01,-1.952074955139457835e+00
-1.723595356573407733e-01,-8.058400836588047733e-01,-1.952227172637857722e+00,1.038827930504691022e+00,6.954108715575211264e-01
2.979094751201413871e+00,-1.308773399413902805e-01,7.335823229149297520e-01,4.906365664321954423e-01,-1.827063492451198590e-01
5.739015314460883532e-01,-9.196840652442076491e-01,-1.486205180698324080e+00,4.732309091641217491e-01,-1.718027121672173418e+00
-3.883195686330540575e-01,-1.606355688338240606e+00,-1.535826574885706730e+00,9.851699850650978973e-01,-1.068360785424509407e+00
1.739783627582612846e+00,-2.645949544269562637e+00,-6.046535097255838487e-01,-1.845615025891313710e-01,1.091693521585492821e+00
1.617583490691788972e+00,8.585250891676621254e-01,-1.382380508834955446e+00,-1.618403131584524868e+00,-2.794786915181800779e+00
-9.188029992386808065e-01,-3.147652361561469103e+00,-5.704118350028755113e-01,3.531538375680566944e+00,-1.579301167672764405e+00
1.714510770008446094e+00,-1.824905947392111649e+00,-7.580841083110633205e-01,1.954801652927613542e+00,4.401025558055596809e-01
6.299589561219773870e-01,-1.539043803045254677e+00,-1.047548042603197782e+00,-1.673738101241788234e+00,5.567375366878839493e-01
2.631308710331466294e+00,-3.235966607042902177e-01,-7.784011795241441156e-01,-3.663230538561390581e-01,-2.556427361318931446e+00
2.940593655796478467e-01,-3.466180292889211145e+00,-3.008574012791390917e+00,3.792175184689634992e+00,-1.670799168370792120e+00
2.869688844010147566e+00,-2.263206410353942211e+00,-8.770698105957157598e-01,1.335857780755264734e+00,1.457427049706611299e+00
1.307031150330163705e+00,-1.201263574251338673e+00,-1.770647935721100019e+00,-2.519145535299622374e+00,-4.026570487395154663e-01
2.055293375718670656e+00,-1.312756502412201653e+00,-1.269400851901782756e+00,-1.675316631722648886e+00,-1.080069074040687083e+00
2.054359031916227707e+00,-2.539062247466091993e+00,-2.505729444645160342e+00,1.304397738078163504e+00,-4.880671461065568817e-01
1.021745334507710767e+00,-1.668070642099051870e+00,-1.826582218723283857e+00,-2.113543950742200028e+00,-2.184234959400805920e+00
-8.130870217865350247e-01,-3.721274031534271831e+00,-1.043706947529602580e+00,6.666168271034810244e-01,-8.266755536770108437e-01
7.058973724344821954e-02,-8.380489546596615602e-01,6.349730673078496368e-01,-3.190489677899787324e+00,1.420536273356720613e-01
1.025287154054773442e+00,-5.221850693137530808e-01,-7.782190062658117524e-01,6.443000310152289245e-01,-1.873843332833491360e+00
3.166684236759222393e-01,2.727010260583109247e-01,-3.224904075746095611e-01,2.394511622423934227e+00,-5.806476282905462805e-01
2.861599363062821144e-01,1.230791141967142677e+00,4.511569855132183671e-01,2.754632609282745115e+00,2.686897300365262531e+00
-2.269528913088257882e-01,1.895895024298788867e+00,9.699208718285754482e-01,8.572917613811309456e-01,1.040955512488356938e+00
3.226256659497426238e-01,-1.482494492479927040e+00,6.868419256635771575e-02,9.944755143247172580e-01,2.010336071294247073e+00
1.215610857309289639e+00,5.740346736796383409e-01,1.460018922667516650e+00,-3.831642941989640061e+00,-2.093793676822115923e+00
-1.924967356988808609e+00,-3.841365957368994444e+00,6.438089102902209149e-01,2.454431597337205062e+00,-2.813242867347674814e+00
-1.190123749243803930e+00,9.066146701127566487e-01,-9.873644395890500691e-01,2.819084789507803612e-01,-4.960874156682080205e-01
8.961984338704507280e-01,-1.721372188918266488e+00,-1.218351957661016893e+00,3.236889236222120658e+00,2.668641094424700988e+00
4.309812606602095642e+00,1.733241592113359042e+00,-6.820522977985540303e-01,-2.316305172247945965e+00,1.086485520828138762e+00
-5.660120074506158616e-01,-1.378146797727613837e+00,-3.675198096596982156e-01,-1.155295692964930732e+00,-1.177384633624916521e+00
1.085934321143487757e+00,-2.222996172008758986e+00,-8.785279553407728814e-01,1.183241705887864814e+00,-1.455733863505191295e+00
-8.717007038053310453e-01,-1.483192017040257937e+00,5.565365325442025446e-01,-1.832883076735976946e+00,-2.003823444104743778e+00
-2.139717637234511916e+00,-2.766882481058467569e+00,-6.104128889335760366e-01,9.102499833120245576e-01,5.016722141623546349e-01
2.877155669245812231e+00,-9.445435678310627470e-01,-7.159676524317433177e-01,2.874829745457274655e-03,-2.610635348329113370e-01
1.037150875936902139e+00,-4.684247248983576251e-01,3.525226405916582761e-01,9.781171814239024709e-01,-3.354245719819910487e-01
1.150669809050026693e+00,-1.031991704525397902e+00,-2.428318535247389942e+00,8.374179237671689480e-01,1.569097252839960710e+00
3.582890006498529178e+00,-8.459435376384718541e-01,1.401776436936621906e+00,-6.292773065764093454e-01,7.036625409809291742e-01
1.314557848978779475e+00,-4.820664875021776208e-01,-2.083032259952388721e+00,1.483840917526922265e+00,-2.617236354277598043e+00
-1.582270596971104393e+00,3.624994829325361989e-01,-2.995521857936573884e-01,1.317939495864725252e+00,9.882560211634408009e-01
1.705422225303494521e+00,1.753095122134707751e+00,-8.883885687086295890e-01,1.948324872821999509e+00,2.936004507828365195e+00
4.809419700011839383e-01,1.335131015743759475e+00,5.929137556537384945e-01,-1.505529419909843680e+00,-4.270300120356006479e-01
-2.568704088091119164e+00,1.642468365722609125e-01,1.872699782483408182e+00,-1.224327430152103657e+00,-1.797449286024346282e+00
-2.353777339645620081e+00,9.499775905759245687e-01,-9.525656798696722216e-01,-4.704816102053532845e-01,-4.980870330564162174e-01
8.126387976768491006e-01,-9.223005048222440161e-01,1.785190408630539460e+00,-2.569788122698134503e-01,1.579043924966910817e-01
-1.580310079751579000e+00,8.424973985528151355e-01,1.467549558861187320e+00,-2.421122542069950256e+00,-4.411384270190610302e-02
-2.232190574040435305e+00,2.185210334535314214e+00,9.172677124128493231e-01,-1.876510125836837073e+00,9.187324496029674048e-01
-1.756618633310631949e+00,1.214760112758939137e+00,1.432732889053862646e+00,-1.281135048171417434e+00,2.010498856590942296e+00
-6.333917993862758777e-01,2.464663407727540001e+00,2.944774276874290164e-01,-6.272398155826264254e-01,1.262206632538996676e+00
1.248072261870568411e+00,1.673349602329265107e+00,-1.202966522596807142e+00,2.210667143101775700e+00,1.767549569404349263e+00
6.215694754816536438e-01,8.580220628240953218e-01,-1.404122007131518801e+00,-7.608278124681030485e-01,-3.387645455131740313e-01
-7.338243846010326088e-01,-3.857443627621383042e-01,-2.083222239368522910e-01,6.621953680860193092e-01,-1.871240177704091234e+00
-1.479363904295231125e+00,-1.554994468064283986e+00,-1.617965705223917361e+00,2.272822797807023676e+00,1.413047423511872847e+00
9.445582298908632435e-01,7.958765709458164306e-01,1.716791442683799129e+00,-3.142421735207861833e+00,1.442924063645439237e+00
4.266579973861494013e-01,1.586623684870247797e-01,1.263898623344197336e+00,6.470653133736932183e-01,-2.251186352889748221e+00
-5.743491577484427513e-01,-2.607617984548066259e-02,-2.168444868696595140e+00,3.637833802585571874e+00,1.854789721416914672e+00
3.104340101211640057e+00,3.084068702933072892e+00,1.043440203395303856e+00,5.459172772983028610e-01,7.980479976304646339e-01
-2.230135387040861783e+00,7.570562016492492496e-01,-1.666903861792760289e+00,3.315479550390949548e+00,-6.361463355860728086e-01
1.545326849133988212e+00,-6.190068393260451662e-01,-4.338534953160617658e-01,1.045714890881069836e+00,1.517783392800842179e+00
8.555572369354642603e-01,-9.621452662132425893e-01,-1.457298061168762482e-01,-5.516640977327367246e-01,3.064320473077271068e-01
-6.920363258141337681e-01,8.697247590145511520e-01,5.503915613075643920e-01,-6.298171525612078492e-01,-9.593258446144939944e-01
-5.657079375571913982e-01,9.923986620843125994e-01,2.867311078243096611e-01,2.210179735644104415e+00,-4.096208663769312919e-01
-6.049820986312015592e-03,-1.784770363104773161e-01,9.686518165653075219e-01,1.330676081389962739e+00,3.097147283468564716e+00
2.504825343607600008e+00,4.872377319837032372e-01,2.058965984676815797e+00,2.187057112903312284e-02,1.756690627960908024e+00
7.081635619305610696e-01,8.678488831417501270e-01,4.528041125102925668e-01,-8.480659008156296030e-01,6.468258415611383150e-03
6.267799389241678343e-01,-8.075216532837694583e-01,3.911615420304609403e-01,1.540556198114861219e+00,9.871866648601574923e-01
-4.688009874216777506e-01,2.327652648203357266e+00,1.211845327954498508e+00,-6.617191640940824904e-01,-1.276858074944719146e+00
-3.329370807642905827e+00,-1.255768336322663714e+00,-1.275879248719119285e+00,1.583157718131621650e+00,-7.583002991689324901e-02
1.970647803019894395e+00,-6.919342114908848540e-01,2.878563446777145263e+00,-1.622763213674194738e+00,2.198227988449547254e+00
-2.844240392864748612e-01,-7.138926986957275789e-01,-1.303305979805756909e+00,-3.250007066750328910e-01,-2.385419745583631013e+00
-1.969610148765837287e+00,-1.756692849624442498e+00,7.760356158449026598e-01,9.391796206871597663e-01,3.254916709806816577e-01
-3.965897400581430143e-01,-2.070430581565617101e-01,-6.063552866548767017e-01,-1.992980755676214910e+00,-5.067000020032322860e-01
4.967347337458937195e-01,-2.295185036590939198e+00,1.335987738194869934e+00,-1.330366288266209285e+00,-1.709749200803942770e+00
-1.840437293618402359e+00,1.398230931534396038e-01,7.078928959283332656e-01,-2.452918188755973006e+00,-2.773036869264874582e+00
-3.538110809959041259e+00,4.378039040369283708e-01,4.536626074968432842e-01,9.179869651264755959e-01,-8.651136936813389466e-01
-2.371537438965428901e+00,2.488547868126304241e+00,1.598268716644301035e+00,-7.608898841588707107e-01,3.190918731882722792e+00
-1.104360936295023077e+00,1.924990749139627422e+00,2.083262450553197365e+00,-1.959824065110291391e+00,2.682124334118034970e+00
7.147130521888054311e-01,1.883848723415902260e+00,2.312538286498350359e+00,-1.823229513143592495e+00,7.656785747513750184e-01
-2.135300930626088611e+00,2.309328857000156887e+00,4.454731156977923545e-01,-1.520700206635675400e+00,-1.458514180474971056e+00
-2.796251979636620977e+00,1.148049483877749299e+00,-4.415726354572588330e-01,2.042588004930155243e+00,-7.997709595519064685e-02
8.380984461613851799e-01,1.811372653483143358e+00,3.140959383933739080e-02,5.541425330158133988e-01,3.314101188329227732e+00
1.034027202768701192e+00,9.044529374878657046e-01,-8.273866757328927068e-01,-1.742486442316990347e+00,-4.106841437585493915e-01
6.013125949648894242e-01,-2.496205957342733317e+00,1.665910956785905839e+00,1.213678950869432782e+00,-1.376632936286589226e-01
-9.281312482794914498e-01,-7.588010930578592550e-02,2.700174999641883344e-01,-2.275989898978830750e-01,4.073690916719860389e-01
9.599494577897118575e-01,-1.014902185160604375e+00,-6.953651384809714786e-01,-4.013498219817323576e-01,-7.134099282872410352e-01
-4.460431235336538291e-01,-1.693436320519785987e+00,1.063720374396400992e+00,1.003603693205646907e-01,-3.460299427611635004e-02
-1.391754831518522639e+00,1.723893734426134028e+00,8.493028362304022583e-01,-2.565173641478676991e+00,-1.765865995324585436e+00
-1.144294284846273602e+00,-2.449120179228170713e+00,-8.699149819378799720e-01,3.540216644140083524e+00,-8.338281272067138428e-02
8.913131323180065735e-01,-3.501101741254490918e-01,-2.899858331317062832e-01,-1.410371548450928825e-01,1.107181231503673313e-01
8.983851815009575859e-01,-4.924888383341250453e-01,1.056673470976859930e+00,1.257039626497427287e+00,-1.467183567090201368e+00
1.902877371408137064e-01,-2.139376568896482311e+00,-2.215951445840975698e+00,3.568668432047744421e+00,1.792868596624134003e+00
4.024431738855048124e+00,1.752356058715284215e-01,1.517620950559458892e+00,-2.535605787128489830e+00,-5.482388782809546335e-01
5.351304826979919049e-02,-4.264455799783295475e+00,-1.618352163640021324e+00,6.967131388145627602e-01,-3.238972451518272955e+00
6.008165537231535680e-02,-5.923147276644327164e-01,-1.262243766027710823e+00,-2.784256719650925582e+00,-5.645449282187978701e-01
-6.991979821892438940e-01,8.807384399776820860e-01,-5.117383635477312787e-03,-2.635699585619261764e+00,-1.961296727736404844e+00
-4.999273428123203189e-01,-2.706175086398918239e+00,-1.537580910483745678e+00,3.113938098710185898e+00,1.407953098300602335e+00
3.633571593417071366e+00,2.971556064184658341e-01,1.416832978556532119e+00,-2.745354190089863256e+00,-6.045705858563961144e-01
-1.403558832700510517e-01,-2.111202268050388575e+00,-1.526445024014030372e+00,5.296444238826159001e-01,-2.984708411405325279e+00
-6.978381388381643680e-01,1.918317653833984116e-01,-1.975918746185125530e+00,-1.298496219253244544e+00,-1.486341749702839277e+00
-1.216434629222180597e+00,3.779100168900244583e-01,9.233226476015382600e-01,-1.337761376797831359e+00,-1.138035104832758160e+00
-2.687478372167878327e+00,-7.281657026927814691e-01,9.593858150819689623e-01,-5.777718686924604441e-01,1.583245552780168097e+00
1.415406682826355400e+00,2.674264811087642690e-02,2.296065654807993184e+00,-2.628588346881095550e-01,-1.584424764263938634e-01
-1.923723252481469137e+00,-1.582729193005733226e+00,-1.038394680642290790e+00,1.876553756749452795e+00,-1.476379889553261382e+00
1.431725052872217407e+00,-1.802540099342846647e+00,-2.392157455678016742e-01,1.770726603504723107e+00,6.918980603091190451e-02
2.135030314052580813e+00,-1.920569580450006419e-01,-1.205127162059378421e+00,-9.237249139539243092e-01,4.912690570143262159e-01
2.587353608691780771e+00,2.258535700519839207e-01,-2.073604156785758157e+00,1.073411401916676722e+00,-2.022936804190406335e+00
-1.085109102483025278e+00,-2.222325845228208863e+00,-2.450437980721647868e+00,2.885474248673768116e+00,9.422183518445443884e-01
1.641391835699526291e+00,2.018184943923787777e+00,-3.652031303187102118e-01,-1.261393108260025819e+00,1.570410418199612135e+00
-4.489965060054336154e-01,1.381222258394153801e+00,-2.033996225203799302e+00,-7.616710377820028466e-01,-1.683799763593552434e+00
-1.508264558927856935e+00,-1.345073272559796695e+00,1.082180561809568564e+00,1.775297591514252815e+00,-6.397094197056694131e-01
6.022873398256980426e-01,4.238921148338661293e-01,-4.200121262875092798e-01,1.784307179705026281e+00,9.572259687319845112e-02
1.801646515172625085e+00,-1.346167758921595237e+00,-1.696714164511768264e+00,8.662339030829289133e-01,-4.332271014009059229e-02
9.798971837229866200e-01,-3.551538003730768667e-01,-6.372608839242444034e-01,-1.887251921255678200e-01,-1.605929901036727836e-01
-4.130526744263330330e-01,-7.540639658752097407e-01,-2.201403374383379852e+00,-1.022924362554714639e+00,3.119360595913914791e-01
8.008057066944880287e-01,5.214367567830456851e-01,-6.516145946814398959e-01,-9.014570546077004254e-01,2.933754597851152557e-01
-9.732606562383145921e-01,-4.521208150278410720e-01,4.015151873648936665e-02,-1.156518315455947077e+00,-1.736590697560117968e+00
-3.974860597837787113e-02,-2.982916862795820911e+00,-1.701833655075599694e-01,2.310490616313670920e+00,1.243702321329847482e+00
1.046418769590972797e+00,6.230393534786677900e-01,6.172059269917533619e-01,-3.424337769820333666e+00,6.924817025698903894e-01
1.152420323803503011e-01,-1.342879677241167191e-01,9.796503783222864081e-01,-1.601883127062264212e+00,-8.034358351395766151e-01
8.912159837390626338e-02,8.882419544225661490e-01,-2.906687766591536937e-02,-6.389613327466387993e-01,5.742243588039570579e-01
8.640418217193608363e-01,1.875542580903025502e+00,6.596907620631258240e-01,1.154045357537163197e+00,1.551419266169145272e+00
-7.189894857844614240e-01,2.760863708183481258e+00,-1.702907941055674224e+00,1.387943327947357641e+00,2.194062132731970927e+00
5.411088541654727191e-01,1.119751179876908420e+00,-6.146877212348588193e-01,-4.845831132080675729e-01,2.428600673506339902e+00
1.714001746216254896e-01,2.121264921127097747e+00,1.979015017351736905e+00,-1.237120265714262812e+00,-1.795103115276581507e+00
-3.633942719017274392e+00,3.261715820253294762e-01,-1.982049370937561061e+00,3.308266457004043204e+00,-8.727095271756897255e-01
-2.492343257096781839e-01,2.379602227615180254e+00,-2.446902093794037780e-01,-3.342219114227964472e-01,3.569323207881344828e+00
2.291393667174843607e+00,6.952232549289657504e-01,1.661805697715814656e+00,8.537987564302417232e-01,1.854173059385944011e+00
-6.178219337727670624e-01,1.565686555064038199e+00,-1.271663744194587053e+00,8.386258757109493756e-01,2.866128747222946305e-01
1.079209579923409823e+00,1.909287770295658326e+00,8.397430982136804278e-01,1.766821937034972478e+00,-2.039845376046912628e-01
-3.533008657112014506e-01,-8.869487128418346300e-01,6.068616617377822209e-01,1.951302759352703475e+00,2.225850684370020094e+00
8.765756545905754038e-01,7.256611142548581306e-01,9.780537826356461295e-03,-6.378644668445154764e-01,-3.357061804374448233e-01
7.242502384180438124e-02,-2.920279506335012876e-01,1.066205305823768601e+00,1.815768696500119184e+00,1.591885408072793995e-01
7.637730359483911879e-01,2.057370693264206629e+00,1.673205764096843406e-01,1.767489522790929746e+00,-1.072903297942988665e-01
-2.254772245571525779e+00,1.906245620568535859e+00,6.739240135746350502e-01,2.632114605543385277e-01,2.298026341531350880e+00
-1.526950363921652509e-01,1.275651211480662184e+00,-7.064840962168450478e-02,5.916048683896882876e-01,2.777359428963585231e+00
2.197548080424210903e-01,2.928740941256296804e+00,1.916009451190120672e+00,-2.841943820359808193e+00,6.881159811112572688e-01
-2.597194439931815424e+00,2.036435064360403668e+00,6.415918645334575121e-01,-7.297606145488326757e-01,-1.203553499714031805e+00
-2.850382917840727170e+00,2.103338845001371471e+00,1.474287110217443519e+00,1.457036767264400012e+00,2.480053975030933611e-01
-2.728280643218953472e+00,1.211155033522975932e+00,1.825850799107719080e+00,1.917677436760404586e+00,1.917434259915838490e+00
1.114706686252134871e+00,2.021039649865005394e+00,6.696128717564395760e-01,-2.248817373076337223e-01,3.186072786846781746e+00
2.446216685694724280e+00,6.088476299818400550e-01,9.857732883424994430e-01,9.191656870743645236e-01,-9.868311503877631452e-01
-2.675051638129659182e+00,-1.499719184168950115e+00,8.426239461778086692e-01,-6.264766724910630913e-02,-1.891096634932783127e+00
-2.324278062909330700e+00,7.427412173625502767e-01,2.073683144202476569e+00,-1.562037686252978341e-01,-8.542260008589278586e-01
-1.157849633205002782e+00,-1.040987433774049009e+00,9.330721583139635067e-01,9.272387829592099173e-01,2.616968878765618456e+00
6.114907456646535566e-01,1.235456919562597733e+00,2.265926080946380594e+00,-1.811100270144678781e+00,1.389268229153229450e+00
-2.963963539225825672e-01,-1.054076748155943877e+00,9.798092284596575663e-01,-4.611078243834462187e-01,3.670006901760096141e-01
-6.567674256797968457e-01,-3.376443559696085117e-02,1.286042292457888037e+00,-7.377157093650386077e-01,-1.425698002071136061e+00
-9.199731399224607697e-01,-2.292719294788588158e+00,7.329334675489067585e-01,2.371013110905559884e+00,-9.145659092768270160e-01
1.369126974360120874e+00,-1.554663904685052334e+00,-6.352497117814186467e-01,1.623930170882509794e+00,-6.830726631831451900e-02
1.500679955612180816e-01,-1.630480190095486392e+00,-1.110164898834429481e+00,-1.455495073105057324e+00,4.895110495530822226e-01
6.443413425675168504e-01,-1.465104450558016635e+00,-8.387628418158898924e-01,-3.088487360627700795e+00,-7.883252785430934217e-01
-3.869619335234304458e-01,-2.426636859447227845e+00,-1.503327263225614940e+00,-5.719989611964861886e-01,-1.234045864892338029e+00
2.001689345854596791e+00,-7.059678630377457242e-01,-1.590136221349984780e+00,4.818348918240172862e-01,6.669518487798886675e-02
-1.855427511042153643e-01,1.711597243757086106e+00,-3.335469216544131310e-01,1.050508247982954169e-01,-1.619466683850590893e+00
-3.260433634721489948e+00,8.433299497231333541e-01,5.071995243096854011e-01,2.609523078110654648e+00,2.585940531299000256e-01
-1.278169703999777695e+00,2.489059985025932953e+00,-9.557999583633930429e-02,1.769162908792294209e+00,4.134566219266766929e+00
1.233435856900569672e+00,3.788663143076677287e+00,-7.708420933533299824e-02,-1.858938909214504998e+00,2.622235513828953479e+00
-8.436539199929391497e-01,2.321727349260657824e+00,1.063252317444669304e+00,-1.757191459048681015e+00,-1.650169434658483203e+00
-1.125414257164878862e+00,-2.277931801433147108e+00,-9.427444646976275155e-01,1.924913651440801399e+00,1.448037725608500637e+00
3.612724818584110764e+00,3.641603898881387025e-01,1.718763693236886381e+00,-3.287574346789911672e+00,9.032709405553518422e-01
2.381372468556642863e-01,-4.809071100181092628e-01,1.842434331639166145e-01,7.578145989527623749e-01,-3.709528208948669636e+00
-2.895716715953334131e+00,-2.012843091552079411e+00,-2.082358505462147402e+00,1.369338842163152936e+00,1.483615149356513285e+00
3.313823667476341051e+00,2.313302870926627453e+00,2.488882904132680540e+00,-1.711836882579735208e+00,1.980487215182554772e+00
-1.510905181058361801e-01,1.155551904493801185e+00,-5.609825317811785172e-01,2.541271481318708947e+00,-1.682590019386482449e+00
-2.108624411721508718e+00,-4.299972532973650452e-01,-1.278793738125282298e+00,2.975152995083729657e+00,2.975244385339736120e+00
3.520063385807856715e+00,1.097717123012239337e+00,2.503967631655605874e+00,-3.511336440959184069e-01,6.999396792875167694e-01
-4.878264015048994207e-02,-2.751694290970881696e+00,-1.418711754703971373e+00,1.506287017410974594e+00,-6.405361152513344702e-02
1.397687023254134520e+00,1.569985462682962130e+00,-5.320694618590473546e-01,-1.650669610950481259e+00,1.346400045157463143e-01
-1.119074704953829436e+00,-1.248178051866267069e+00,-2.214396669549027141e+00,1.963944791114693889e+00,-1.545961923428630147e+00
1.580036496823335135e+00,-2.157469125030410773e+00,-3.214323836268104251e-01,9.318088534347962471e-02,1.765136141548509396e+00
1.350355264712298498e+00,-4.297010637705238612e-01,7.608216462596280039e-01,-1.751676887415992701e+00,-2.603060305058160218e+00
-3.700599873814426122e+00,-1.103146271682283519e+00,3.153955971369230005e-01,1.659380855432350366e+00,-2.455500097739341747e+00
-4.765151489560021103e-01,-9.739318705916402141e-01,9.588807217845021214e-01,2.832402229202983790e+00,1.588235242199427466e+00
-3.087382338175100882e-01,2.574113452536591407e+00,1.967499133525111299e+00,-4.007589116349463132e-01,2.198455370536287035e+00
6.933041204150593995e-01,-1.903665540403197687e-01,-1.248718845726555227e+00,2.926307276970335103e+00,4.990981610935857349e-01
4.364543938920673605e-01,1.268280474278833614e+00,-3.446787876694643593e-01,-1.620982896938457873e+00,-9.488060766255266287e-01
9.632251290497062524e-02,-2.286273766366255344e+00,7.912943756968155995e-01,4.484951906389799126e-01,-1.387981535676042766e+00
5.265056818836884034e-01,-2.072931146367127830e+00,1.177848308219964668e+00,9.276292866899235046e-01,-1.318376881367417930e+00
1.119720781370311391e-01,-2.205233487786564250e+00,4.938118677710617299e-01,-2.635554428618492318e-01,9.287507669997516757e-01
1.828524325686009533e-02,1.957618841914079866e+00,1.262045163303612938e+00,-4.013080900360244563e+00,-2.000978561301998138e+00
-2.013334130402037569e+00,-2.863577012995818016e+00,3.546613968204061496e-01,3.597156591621166299e+00,6.469044928425277119e-01
2.241760118386036726e+00,2.644506197894388677e+00,1.720628806842399827e+00,-2.916955334112306120e-01,5.665370031329438616e-01
-3.454137304747185722e-01,-1.883400210859314861e+00,-1.690550108994895551e+00,2.323858542595313104e+00,1.683899392765219272e+00
2.325508434003932479e+00,3.985259711054411902e-01,-9.700960979585748767e-02,-1.436708345611971138e+00,-8.641412607442997551e-01
-1.666138801303686412e+00,-1.009814391743472761e+00,-1.522050859254810762e+00,-4.326087127081344463e-01,-9.981462779091330173e-01
2.211314179973895566e+00,6.730356493361583370e-01,-1.379863510081812628e+00,-7.566304707294473353e-01,-1.011910716505923791e+00
-1.394115495144444328e+00,-1.523051089492929444e+00,7.242502583224014190e-02,-4.158249593221918228e-01,6.524316053252260383e-02
-1.443781671021616697e-01,-1.055110223909736966e+00,-5.722846819471597568e-01,-6.756030010076635728e-02,9.934376522121257658e-01
2.008678500452858451e+00,1.176409916793030419e+00,1.161733184376457118e+00,-2.353044290843608444e+00,-1.620942990136222894e+00
-8.341814037455175246e-01,-3.082930802845352591e+00,-2.098886458777257769e+00,3.680454196183412297e+00,5.584461426222361302e-01
3.986792689252951050e+00,-4.510384763521492202e-01,-5.826241291880924766e-01,-2.087462152121478454e+00,1.746615505372361543e+00
9.005337301677197592e-01,9.116151766498714615e-02,-1.634674646006936793e+00,-9.253695920534057429e-01,-1.777582445356199026e+00
8.132874008391158815e-01,-2.278459736088088938e+00,-2.522927834849163276e+00,3.006917074181517435e+00,4.561013326157692394e-01
1.110286457205277522e+00,-6.724383186887361585e-02,6.156747324036521141e-01,-2.294741356411618582e+00,-1.230115737336249460e+00
-1.758432920099843866e-01,-3.953370964673245780e+00,-7.882041948715221569e-01,2.606486727185616914e+00,-2.098052019059652107e+00
-2.686992844794031110e-01,6.949588928619573336e-01,6.719694342799110709e-01,-6.151267048100461654e-01,-1.499337024717952715e+00
-2.705483992751150701e+00,1.591625669883484084e-01,-1.690327606048887432e+00,5.578070113287816323e-01,-1.134683482732399273e-01
2.048002625025755030e+00,-1.018153014455155603e+00,-2.001295112887742644e-01,1.790284657567963400e+00,9.779237271985287139e-01
-9.574811476349837092e-02,1.309344870660208660e+00,1.004020394598666321e+00,-2.016365680863081988e-01,1.809418611148597700e-01
-2.298028049497258252e+00,1.589462285728993618e-01,1.865938813078105163e-02,1.858262248573020470e+00,-3.030579205249654962e-01
-1.889323782440100796e+00,-2.972950449319933242e-02,2.199700164578827000e+00,7.641009070375714973e-01,6.010219843350121938e-01
-6.504034049360674086e-02,1.290972835496326132e+00,2.199305133135725399e+00,-7.539366595597372100e-01,1.899946970726661633e+00
-4.791452356921582778e-01,2.709782464018978487e+00,-1.280931903890951240e+00,-1.494579405672977312e+00,1.242610833962761951e+00
-1.053690426449394035e-02,-2.048109034692491282e-02,-8.677503846855332270e-01,1.198026527640671191e+00,-5.953620077285484147e-01
7.687194721345009807e-01,-1.826630473836951873e+00,1.586848099539084567e+00,1.981626836246449974e+00,-5.941175839586992913e-01
-1.157971116048854832e+00,8.214732215477326127e-01,-1.209410290486268025e+00,-1.020172873349933562e+00,6.973583495375493824e-01
1.403786576000033981e-01,-2.517926953327522810e-01,-1.134463989239784310e+00,-1.629893510843730908e+00,1.208650145721320568e+00
1.814396704279839234e-01,-7.441152932290659994e-01,1.640200886073901021e+00,-3.442979561975924696e+00,-2.544777307601999272e+00
-1.642463949355452479e+00,-1.591556581893154965e+00,7.872870221237656674e-01,-5.643986252121164782e-01,-2.821755848953200196e+00
-2.160533339653386786e+00,-8.554370072012960069e-01,2.124168007146992887e-01,-7.196751820658755516e-01,-6.537606302229973521e-01
-1.184457438608117474e+00,-1.253339214396660850e+00,1.964849157805071966e-01,5.735243253055296586e-01,-2.644243971113715563e-01
-8.946025451375394510e-01,1.083804451617949915e+00,1.202031752577028545e+00,-2.158522094416873038e+00,9.475227738200084904e-01
-9.537207163181902203e-01,-1.337413408886727328e-01,-1.037868329129149503e+00,8.817005425814273822e-01,1.255570683089697548e+00
-8.526272534137624426e-03,5.199492103895148043e-01,1.663683340816719980e+00,-4.970640979290667505e-01,-7.936703924606791638e-01
-2.644330219458677078e+00,2.286142040511884854e-01,-6.620111663076460040e-01,1.587846800090765509e+00,8.259067091689424878e-01
2.185416647680782365e+00,2.567711820134097156e+00,-7.487726745372329518e-01,-7.034950861976516645e-01,2.511541426155051049e+00
-7.639119241479985778e-02,2.398734458913519774e+00,7.936838409611872702e-01,-2.009308428056800100e+00,-1.595916094460092971e+00
-3.610412208652657995e+00,2.846430957040764209e-01,6.477966316427227200e-01,1.972576816760446272e-01,-1.236127824107363660e+00
-2.222047991316030924e+00,2.346633751250596589e+00,2.036433561429821459e+00,5.531141504362773187e-01,7.137147934626851820e-01
-2.189221308754455642e+00,4.971467101645872244e-01,-3.866543493305799606e-01,8.130289930365803830e-01,3.315198658360532402e+00
3.191663983650628644e+00,1.005980626318209392e+00,2.944098491846244059e+00,-8.634294389178772677e-01,-1.659155306530932794e-01
-2.600001247181245478e+00,-3.166501213058631192e-01,-1.695509529115006853e+00,3.846011230534381875e-01,-2.519552552637929210e+00
5.217587313536793392e-01,7.268734437289539052e-01,1.087408375256130100e+00,1.630564224588591848e+00,2.131284011763955544e+00
1.995522779682139980e+00,2.315304896930189926e+00,-1.712759415879460567e+00,-1.020987045203773924e-01,2.259851375486041647e+00
3.647512467562067373e-01,7.035571749092169869e-01,7.977483086051810890e-01,-1.703426167548276471e+00,5.954831574857344378e-01
9.126911175500336260e-01,-9.181509218730088406e-02,-6.600796689708531284e-01,1.466301837930896079e+00,-1.740138280945956017e+00
-1.666601180997136167e+00,-8.486946756432760530e-01,-9.204923937564701841e-02,-1.769295414940254552e-01,-9.753906447079898623e-01
-1.427788958844013134e+00,-1.512909090212243290e+00,2.251565695831578839e-01,-1.367798679553508201e+00,-5.755225975652932258e-01
1.454032280045567838e+00,-2.576397467672715713e+00,-4.140507627322504991e-01,-1.160384383146383147e+00,5.703214591875928052e-01
1.061817387143025870e+00,-1.446587588753586173e+00,-1.578825659105984158e+00,-1.423226238717131054e+00,-1.074816326863550664e+00
1.569726926432415626e+00,-8.994188821594814032e-01,-1.774636492653489217e+00,9.631365506123384934e-01,-2.597114942598228726e+00
-1.659563590910910325e+00,-1.667230668841399810e+00,-4.384684563085849973e-01,-7.923709182744204105e-02,8.059320100226590178e-01
2.401549290652933877e+00,-1.277558139831955319e+00,-5.072169934836390226e-02,-1.671870476995969579e+00,-4.587964000629795036e-01
1.173507235926524839e+00,-1.056034798775383532e+00,6.805323913594243379e-01,-1.536124709933077703e+00,-1.037555134523998834e+00
-1.077828258758422697e+00,7.977616704894110455e-01,-2.295527621851432443e+00,5.637078112541501485e-01,-1.970101100496335356e+00
-1.980579583346808281e+00,1.170024166665289300e+00,7.045950325983090234e-01,-4.061756430533282058e-01,-1.036492966190047937e-01
-1.771480726059097011e+00,1.547793272363501060e+00,-4.856735563439010250e-01,-5.354770240684028071e-01,2.208586436247957252e+00
5.829688772996158841e-01,1.024497805882094159e+00,-4.253439461529856525e-01,-2.022880328717608922e+00,1.888612612127523072e+00
-1.117645802117086529e-01,1.545028068695241119e+00,1.633134762207950619e+00,-3.293119311973574881e+00,-5.378279441109430348e-01
-2.274046873058498175e+00,8.033807769347569572e-01,-1.614035206630228814e+00,-5.063862173943249889e-01,-7.744776616285337090e-03
1.813510139556216094e+00,1.661988458336240537e+00,-5.312282942704235067e-01,1.032549453696022912e+00,-7.387773747657599976e-02
9.304492253480975972e-01,2.338173077194918292e-01,-1.706368551971412462e+00,3.273043357790555774e+00,-3.732534495128300156e-01
1.399665407161309716e+00,-6.197290075351399308e-01,7.066003838237444601e-01,5.002235119622691073e-01,3.645287285600740113e-02
-1.345592582313809737e+00,-1.374692124827515460e+00,1.376045748052852735e+00,-1.566825713654984575e+00,-1.631777374199980368e+00
-2.518746204950013112e+00,1.424708655405844127e-01,1.336489784139549997e+00,-2.409418608720947930e-01,-1.617707949461678840e+00
-9.549871323976564241e-01,1.019993867450383007e+00,7.843889571951190298e-01,3.689135369921298091e-01,2.359074605043760986e+00
-2.319931662499329916e-01,1.758117097602761136e+00,1.303089409362546247e+00,-6.533587148900651953e-02,4.227159967143465091e-01
-2.659044162597819394e+00,1.354036539277365669e+00,1.706792396140971890e+00,1.089542596532534269e+00,-4.044853601020620970e-01
-2.728660318414477537e+00,2.673854493671892651e+00,1.489913731358288640e+00,-5.034108611896659369e-01,8.202021045181582259e-01
-2.064533262234737876e+00,2.444797740517971718e+00,4.351589546492047322e-01,-6.325052245330969880e-01,2.773554160695350213e+00
-1.868863724315377173e-01,1.754426279281284362e+00,1.806852014027424236e+00,-2.196500787212400052e+00,-1.445884242102761785e-01
-2.419848843778634517e+00,3.383501291215149642e-01,-5.528553635107935627e-02,-8.170924687148786170e-01,2.364090388528327091e-01
1.424516195030145926e+00,2.610694718965855810e-02,9.261385876277534734e-01,-1.284842851842578959e+00,1.667959068173122894e+00
1.478456530853971884e+00,-9.344172536043602317e-01,1.309786754258365882e+00,-1.780111639074748675e+00,-1.142807315221577857e-01
7.500526487376069085e-01,-6.624664235903321430e-02,-1.451148387602601231e+00,-1.429069457216851857e+00,-2.694912228499568574e+00
6.529195208103670822e-01,-1.204318487761560474e+00,-2.053956584403174190e+00,5.330458477937802808e-01,-1.672405609120104053e+00
1.354612065487081463e+00,4.773248895701498462e-02,4.290577273891563737e-01,1.248217025765008259e+00,1.033618865255270247e+00
-1.092255672259083710e-01,-8.508211068367199648e-02,-1.983151002017156550e+00,1.553493988948911886e+00,-2.958575852345148860e-01
1.146969712367017502e+00,-1.486950380703581320e+00,1.601678986427629292e+00,-4.685745975668657581e-01,-5.573362172746769705e-01
-1.097170142763119305e+00,-4.025812406602228277e-01,-7.719074442910299760e-01,-1.548489524762057812e+00,-2.264897535336679812e+00
-1.963341343828096885e+00,4.459989338053309549e-01,5.486918850647777290e-01,-1.460487149698750375e+00,-1.575616968284545116e+00
-2.679381342715362102e+00,1.102494601602280966e+00,1.062420450466032174e+00,-8.313981575247234579e-01,-4.167794915276082923e-01
-2.041513367279631286e+00,1.597387317478200508e+00,-4.285838372717024614e-01,1.416063551032654022e+00,2.610483287908281547e+00
2.555451758815798780e+00,8.776911795829648311e-01,-5.820829230220296857e-01,1.567555369107353158e+00,3.248094516027463463e+00
8.684821946195869780e-01,2.660036673202584190e+00,1.080813378148155923e+00,-7.078983601700821193e-01,-1.833975521274925136e+00
-1.535432053679833597e+00,-7.753054517627596676e-01,-1.931226102143985379e+00,4.858688974126350146e+00,1.438901552283921914e+00
2.037444459779724326e+00,3.992197601720546274e+00,-8.104154562480117008e-01,-2.268344344210300179e+00,2.981378815088008061e+00
1.218679967629883398e+00,1.536248880585777243e+00,1.071065718088943353e+00,1.337025237584883230e+00,3.101136804867405949e-01
8.236007007342416308e-02,-1.197764488405792527e-01,8.594761704831843652e-02,3.173211264614584248e+00,-1.480062485192176203e-01
1.053617310066384150e+00,-1.147700528420921628e+00,4.488965786167731231e-02,2.718451981726308642e+00,3.771140793582852258e-01
-5.371594349997714790e-01,-4.357463800731302683e-01,1.359858265802271093e+00,-1.790822505123996766e+00,8.983437704219450204e-01
-6.297553763108534319e-01,-8.890498425638448943e-01,-5.487677761303034751e-01,-1.983657001217512539e+00,1.254047598529169916e-01
2.135414001065568890e+00,-1.874521521384322043e+00,-7.431227770861824622e-01,4.251836003657269991e-01,2.160826085345002312e-02
-1.175787722210791530e-01,1.160042363881754302e+00,7.207559604948532428e-02,-3.072915913642709551e+00,-2.933569726062673411e+00
-1.878694412395573776e+00,-2.999938492908924559e+00,3.846807131477963382e-01,1.422815732318514215e+00,6.984479241000035588e-01
2.924967995952302835e-01,8.996585087673992787e-01,1.653097021084374063e+00,-3.977823723111467480e+00,1.346374407401156326e+00
-1.338299438638703043e+00,6.120809244762077661e-01,-9.052454781953820362e-01,-2.287129958694949394e+00,-6.297690213546942584e-01
1.165993956001496468e+00,-1.414272584590773540e+00,-1.474282624544237086e+00,-5.145360469510439350e-01,-1.196042553690069843e+00
-7.208603895079668256e-01,6.531666279753817195e-02,1.117468310259551512e+00,-6.399120497025180265e-01,-4.781334689588374598e-01
-1.812381657083013575e+00,-5.000539967329598046e-01,-1.961926928772758760e+00,-1.259693771702454779e-01,-6.734819655067710853e-01
-8.201657150454321199e-01,1.154139078482436354e+00,2.451069578523892734e+00,-2.885314971688179853e+00,9.909538600445458867e-01
-6.365532423637501602e-02,1.361646952017671719e+00,6.606333591819983919e-01,-8.180243087865941565e-01,9.361175748379966244e-01
7.294381811837136187e-01,1.543217032663756205e-01,6.746203386922524636e-01,1.407833747576859196e+00,1.829273725870445677e+00
2.050428763865378645e+00,1.494676182077026905e+00,-8.060504672465484965e-01,-5.484530984819184773e-01,-6.361864837149083796e-01
-9.419840726748740511e-01,2.718732984284176757e-01,-1.413615079149082687e+00,1.830041575218231964e+00,-1.711949649102834536e+00
-1.696145338415679715e+00,-6.440386873891581487e-01,7.138831063505093333e-01,2.001744641408035097e+00,2.231046262168733918e+00
-2.805933411683276812e-01,3.228026566227590433e+00,2.107502150034544552e+00,-3.186686624994866435e+00,-1.343077275627043154e-01
-3.600922109587854969e+00,9.009515162232067942e-01,1.166594860597423011e+00,-6.002322672740789677e-02,6.480497081877371057e-01
-1.449068116080307833e+00,3.570402513039689474e+00,1.840032671942063436e+00,-1.230351819615209119e-01,6.741691574030818090e-01
-6.876349592617334583e-01,-5.798823929227678864e-01,-5.798463074515735061e-01,2.267724644395857858e+00,1.131466926464021805e+00
2.532178022843095455e+00,1.510678238415307906e+00,2.521332862676946007e+00,4.884625205957338068e-03,1.494388001652859232e+00
7.357184933360918500e-01,-1.123270731697368241e+00,-2.351041257227896697e+00,1.270168385138129352e+00,-1.147290876023282280e+00
2.399868677091323121e+00,-2.476486004809935526e+00,-3.620056208144322163e-01,1.344725224834036892e+00,7.119868477917559169e-01
5.490438742476602130e-01,1.356623916122430273e+00,1.145571008719032946e-01,-3.262034208009888303e+00,-2.873694184050918032e+00
-3.500851083952562615e+00,-9.697087337992089662e-01,-1.735026580106210359e+00,6.476747703610349349e-01,-1.907585855756697590e+00
1.472857356931555284e+00,-1.438571269300220168e+00,-5.291959784537625389e-01,2.000426414602241465e+00,1.112752999979081059e+00
2.690726113294443334e+00,8.283248587181049616e-02,-9.276292308188919256e-01,-9.875036010678701626e-01,7.919994127792133742e-01
3.874168091108033396e-01,7.459529223598294623e-01,-2.258994064481301578e+00,1.952489916632383915e-01,-4.440780852625301200e-01
1.094700692835765654e+00,8.072461791592880909e-01,1.523469961612388124e-01,1.743653453431592837e+00,1.250361317861985899e+00
1.195261831204023295e+00,2.085062440593646649e+00,3.995780978490302005e-01,1.869498855708211060e+00,-9.695297038136829748e-02
-1.022540407595213807e-01,-1.358304516011547447e+00,-1.156362989425759213e+00,2.218389351828844003e+00,5.394521992715440861e-01
1.066071178197743441e+00,-6.062677864019490048e-01,2.483843158918046523e-01,-2.204325419707404698e+00,8.456701469702281315e-01
2.488414856288700960e-03,2.557392861609690815e-01,-1.226895291475463168e+00,-7.484352255923342190e-01,-9.145040059369360375e-01
-1.380700864814480289e+00,-4.807865830025639386e-01,-8.433156354436710522e-02,-1.143322641868935285e+00,5.632941092063737942e-01
1.105853991510979073e+00,1.155094716495704166e+00,1.983319753951529929e+00,-5.933408126115780057e-02,1.106488737481377660e+00
-1.165797939334586530e+00,2.058855601878128549e+00,-2.307140246541051098e+00,-4.173074240956602399e-01,-7.807153139037479317e-01
-7.734039070331070187e-01,1.075085764600924199e+00,-4.449211577300206111e-01,-5.039935421294273743e-01,1.584154522845123481e+00
2.489276345254844536e+00,-5.998917533098888644e-01,-9.132901599281249005e-01,-5.639182242387721367e-01,-5.623207731949517729e-01
1.784144416559800383e+00,-3.331157801343715086e+00,-9.939982207006550219e-01,-5.013047830136435623e-01,-2.541257711551471843e+00
1.185072016734696643e+00,-1.626537740593567483e+00,2.706809549687263505e-01,3.568673597488158933e-01,-3.155469120936658989e+00
-1.005769174632992646e+00,-2.759143567395124563e+00,-6.557686629540249168e-01,1.339342498653880664e+00,-9.230557759482453939e-01
1.460074247512521239e+00,2.173189340533385749e-01,1.815738199379969720e+00,-1.852846347257972148e+00,-4.629491084817679569e-01
-3.107159822467379096e-01,-3.763822773499385654e-01,1.019151016981952318e-01,2.374324331065110760e-01,1.208623653429576894e-01
1.713888348448652676e+00,1.154582160041334626e+00,-1.365292379769522668e+00,1.521872405675776641e+00,1.538997457922061107e+00
2.597764074249965915e+00,1.439361000767785503e+00,-1.841348735541208814e+00,-5.231608438343970935e-02,1.519711197169908434e+00
7.284404954714760461e-01,-4.508338850744539883e-01,-1.640112405328634226e+00,7.995247977973030107e-01,2.689116797873405407e-01
1.553568568124110039e+00,-1.401765586421811705e+00,1.126257175025025647e+00,-1.040761405205480106e+00,-1.554178009162328733e+00
-1.598079243133596616e+00,-5.934667660166953462e-01,-1.028466640276130883e+00,-1.306673643186518907e+00,-2.615972228720823356e+00
3.194081037924110245e-01,-2.589466837467794047e+00,-1.387653138953914844e+00,2.446471151047779458e+00,-4.741129834261287312e-01
2.600103934712653775e+00,-2.102510803121297123e+00,-7.709239896638646616e-01,1.255745399035633758e+00,-5.827102506614714184e-01
-7.151232401000674477e-01,-1.882135127130544205e+00,4.310347251030607341e-01,-1.777595272444927321e+00,-3.789024509784241213e-01
-6.768927121212554576e-01,4.202276206362350885e-01,-9.521412514863936138e-01,-2.748707309438064517e+00,-1.333329023322408213e-01
1.007085323400239707e+00,-1.164947615016515448e+00,4.615964286617472156e-01,-1.169609600969421237e+00,5.906825763777947547e-01
-5.591803266813480944e-01,-7.118437751487824983e-01,7.905556261462576284e-01,-6.809603653628092390e-01,-2.146792210287506109e+00
-2.693653525719482467e+00,-3.802069395355229808e-01,-9.483081569396976107e-01,-5.262217551042314145e-01,5.770143978454791434e-01
2.025731019587810433e+00,1.495654341521921449e-01,1.281394807881331754e+00,-1.888208901480038948e+00,-2.327709734168915690e-01
-1.812384309120250725e-01,-2.731425701991085475e+00,9.113532701491232624e-01,1.850505787140739766e+00,-8.661037568486062987e-02
-9.234734967671667794e-02,1.770139313499453193e+00,-1.268257722900926421e+00,-2.573960302500152508e+00,7.773851975206947928e-01
1.613300008230532878e+00,6.539849169117510908e-01,-1.203918594854213486e+00,1.355814427575330550e+00,-1.056531451373848851e+00
1.121530118390636099e+00,2.132756779495326160e-02,-2.021494276364467879e+00,3.068715121205880525e+00,1.525195008747819880e+00
2.553035979223391649e+00,2.538481385622108011e+00,4.353518231251396475e-01,6.609506785938877860e-01,-1.696168820821787326e-01
-2.317525414485934743e-01,-2.583342005726659840e-01,-1.745409559416725154e+00,2.383694217401926885e+00,-4.228829328919805342e-01
2.237803893746304063e+00,-1.248681807962011892e+00,-8.062422363042461848e-01,2.029400107502645323e+00,3.990165842806502328e-01
-6.834826574761679319e-02,9.235084788844021286e-01,8.612525130996684375e-01,-2.288190947321664392e+00,1.517137214415043012e-03
-2.063269209310067076e+00,1.504198346299521427e+00,4.310590932173878898e-01,4.564113455348842718e-01,-1.435638643077549848e+00
-2.543606309234813345e+00,1.386837281594550886e+00,-6.980011209261672844e-01,2.770215549478777906e+00,9.103240137240286023e-01
1.576783477174945602e+00,2.242828725348340324e+00,-1.198409681056380460e-01,2.349383382581323954e+00,1.778962410043209097e+00
1.335621164029936692e+00,1.838901051136151210e+00,9.046206063663534414e-01,3.409862869943934838e-01,1.919829175221184459e+00
-6.695686687872417497e-01,2.731614677366775101e+00,9.334716365424253759e-01,-1.527209773367383061e+00,1.108558121522131623e+00
5.718134849500620120e-01,1.333149918659928712e+00,-9.127987595662232501e-01,3.998092288046408149e-01,1.646560891086841227e+00
2.882551427219749440e-01,1.016749857368064225e+00,8.480005104747159184e-01,-6.780140845405857597e-02,1.083455473533892821e+00
-1.617256994470467557e+00,1.683003192154659766e+00,1.215023870451080956e+00,-1.508660501572015811e+00,-1.298332132820949614e+00
-3.061212744711294231e+00,-7.544431271223696056e-01,1.327667071134467580e+00,-1.937423926884840331e-02,-4.470530850141269941e-01
-1.906585152107112879e+00,-1.793589923393323904e-01,2.553662387858632865e+00,-1.580943312123941347e-01,1.863565172426020045e+00
1.202328981083206294e+00,-3.171160440046543738e-01,-2.114311601873785085e-01,1.195690842210842764e+00,1.380797322010633987e-01
1.726918169849883666e+00,-1.752179654215824778e+00,-1.016942806973167190e+00,1.026101837223220015e-02,-1.132186527435179446e+00
1.407979549871462677e+00,-5.620527373703343432e-01,8.601268955886616219e-01,3.990585151749597159e-01,-4.625065529859421209e-01
8.189196098852713490e-01,7.414147114250067006e-01,-2.685716782578289497e+00,2.546208925980089077e-01,-8.971921654125596390e-01
2.002033330619803930e+00,-2.470299050758169024e-01,-1.329925765015674610e+00,2.446745267323335860e-01,-6.496590990236235097e-01
-6.469137583282945636e-01,-1.471873110945742580e+00,4.090798513058461205e-01,-1.044849565165354877e+00,3.265988421872577652e-01
-4.903396046335278813e-01,9.822956415773212990e-01,-6.439972121530851412e-01,-2.825724105725944124e+00,-5.154363939812911521e-02
6.679456964400570795e-01,-1.174707909235809922e+00,5.381805841362348186e-01,1.183668055958582155e+00,-1.419318475785071865e+00
-1.860584055553059502e+00,-1.385622185425495978e+00,8.070882318291099367e-01,1.388721340877789423e+00,-9.921698388540863833e-01
-1.972655870976265158e+00,1.291623841144088791e+00,1.610958939008265034e+00,3.278040084049811398e-01,1.668073058474082160e+00
-1.570315412686192902e+00,1.356903668042073852e+00,1.059129660763362457e+00,-1.120105727851826716e+00,2.725857250383259878e+00
-7.720546993362728538e-02,2.363052573829908187e+00,4.068628993427271245e-01,-2.809970374555673889e+00,-8.180145871577445549e-01
-1.388437248347211828e-01,-2.273238329496503951e+00,-1.244897460149342328e+00,3.063658910625367326e+00,-1.244811037448037894e+00
-2.195920281358394455e-01,1.280934820485291725e+00,1.033199921898599438e+00,-2.383481940980285430e+00,9.761316127514383378e-01
4.869657355193370840e-01,1.009864118914688635e+00,7.296657789338265587e-01,1.277443665695618069e+00,-8.046581651144810721e-01
-2.400304229406651668e+00,1.659978674546527477e+00,1.871620022948665696e-01,1.166182065310285010e-01,-2.423880423059217026e-01
-1.701528447652338016e+00,1.371812279616605679e+00,-6.532248422125788712e-02,-4.531357816937695571e-01,5.201429573683504781e-01
-1.256403078085685632e+00,1.924193015668021811e+00,1.566211601254783758e+00,1.490413019122728000e-01,1.712604093333458311e+00
7.407842036832317234e-01,2.121874040579978971e+00,-8.274758918298752430e-01,6.070506609138597298e-01,2.362776858421109516e+00
6.652570947252576250e-01,8.013064039377169046e-01,-9.732948287176435009e-01,-1.088195605985335046e+00,1.441791707022678448e+00
-1.270537893229161108e-01,-5.466475875740707258e-01,1.700857219939254872e+00,-2.470931936871219037e+00,-2.169169795379027654e+00
-2.664514072756364982e+00,-2.649376073188916436e+00,-1.059580180797741411e+00,1.455559971300572464e+00,-2.285838546871458377e+00
-1.114394601933972107e+00,-8.793044886744605382e-01,1.388634109587392196e+00,-2.005487120319127126e-02,-3.838734388708260337e-01
-1.311724168649113231e-01,5.759814509548433215e-02,1.424566975638783539e+00,1.416663672999415091e+00,1.407257739292630649e+00
1.184453903094079275e+00,2.557045983120429078e+00,5.084682168390604051e-01,1.330574496618789571e+00,1.980723146041213356e-01
1.664556126867697827e-01,7.377083502686706540e-01,-1.382675989564181807e+00,2.271639791697139810e+00,2.496255650724464203e+00
1.274733619389850414e+00,1.621726773244895670e+00,1.134084231194085302e+00,-3.072268574004685115e-01,-1.775776455829788381e-01
-9.258101916167560397e-01,-2.363751879496896802e+00,1.468025366057025494e+00,3.140584164112273147e+00,-1.000974575919821419e+00
5.502174920763260868e-01,1.113959887705065377e+00,1.374631311457333416e+00,-9.006187274234829232e-01,-1.385993324790086856e-01
-1.703110126438658334e-01,-1.366154241362255162e+00,5.467855764582014721e-01,5.362767868965381268e-01,-5.907206477585087434e-01
8.605252659434645679e-01,-1.611504297286073806e+00,1.613355146475096369e+00,9.218177077945453046e-01,-1.005383582499775663e+00
-2.049476250406482958e+00,7.189876514411718267e-01,5.484439177321882575e-01,-1.544147361332854462e+00,3.978901492646426119e-01
-1.481114622265552683e+00,4.444887080520637523e-01,1.215992256165540741e+00,-1.776256903610041071e+00,-3.986329993623493051e-01
-4.458232323904559591e-01,-1.825673549074001256e+00,2.168823013800970756e+00,1.425834694898446386e+00,1.383342638347204723e+00
-1.475435808363354251e-01,5.278740598803451922e-01,-7.989054126322447935e-01,-2.400210257933768077e+00,-8.806160754237931654e-01
3.470772682559311595e-01,-2.801376642748554247e+00,1.571046001582221407e+00,-6.538245751334114120e-01,-1.960722981795250508e+00
5.938704156745110430e-01,-3.162144519505504014e+00,-1.176827450337550651e+00,-2.999914821543893106e-01,-1.779209444418805575e-01
8.863148739346260463e-01,1.085493670149371148e+00,7.490283435034168491e-01,-2.307256048606026511e+00,-5.883170993280170125e-01
-2.942514879028127472e-01,-3.558914734933453783e-01,-2.539277597613092574e+00,1.058265396812306136e+00,-1.226753515282712037e+00
5.762725417495628832e-02,-1.093222682983056249e+00,-1.100915358881613182e+00,-8.916665341940339662e-01,1.613152404789046646e+00
6.920246810526483605e-01,-3.817292160025453907e-01,1.653166122222533563e+00,-1.619756180451928707e+00,-3.066393623020990944e-02
-1.695249409830166809e-01,-1.884883210220223759e+00,5.390407283184398546e-01,1.564422608173657636e+00,2.598121044839327154e-01
1.533366730165063530e+00,-4.610477850622334284e-01,9.122854193589193805e-01,-1.272651524371040788e+00,1.370149301984776802e+00
1.628159087534111205e+00,8.578969702094039196e-01,8.083230693176074455e-01,1.744434810002285507e-01,-1.472836188721649009e-02
-1.607734001503140275e+00,2.328168394047743783e-01,-4.931121511062481755e-01,1.683181907262814692e+00,1.185960726885862737e+00
-1.260497585516192620e-01,2.575810666062921861e+00,-9.693857952032386427e-02,1.739452797408239104e-01,2.344311586457403340e+00
-5.775453370480339021e-01,1.376879616998193612e+00,7.796990969214514511e-01,-1.105743039704195629e+00,1.511006511953429277e+00
-1.205494121719781209e+00,2.092466638439988813e+00,1.737989141503130996e+00,-2.520562661712688612e+00,-1.419780873391329523e+00
-3.417975883124196201e+00,9.673099061457235415e-01,1.007604373885444105e+00,-2.355938232471489480e-01,-1.214430897778805196e+00
-1.834899033484814757e-01,-1.078482721955211776e+00,-3.480124783768103192e-01,1.039887218822147297e+00,9.897866490125091232e-01
1.041480808739379427e+00,-5.485392048421702249e-01,7.926786987141720697e-02,-2.402263839190069472e+00,-1.196455201032339488e+00
2.646527620535171765e-01,-1.114739946174284402e+00,9.105466941605455666e-01,1.039760402723581167e+00,-2.738089179277114038e+00
-2.245050576450346558e+00,-1.609572770068838921e+00,-2.422768237287145521e+00,1.010813806297566675e+00,-2.962177346225705055e-01
7.524830898478005459e-01,-1.032429128787675676e+00,3.716171287936677059e-01,-5.029882002446782741e-01,-3.194584353922957920e-01
-1.481251769394385631e+00,-1.697071450053674102e+00,1.039861471115245628e+00,-1.412994670232673666e+00,-2.246894521352699847e+00
-2.744785887344675768e+00,-1.911166147049758735e-02,1.108797416950591197e+00,-1.874915208576379833e+00,-1.521826306727915190e+00
-2.329874041338414692e+00,9.019445317247167804e-01,-9.163329908413879732e-01,8.218286493856018504e-01,-9.994872782975372516e-02
-8.096451445037420314e-01,2.006681242276874944e+00,-7.337798952706291455e-01,1.295715974313032648e+00,6.779434877459548092e-01
7.490879705973665370e-01,1.487955037223060550e+00,1.301511327976006882e+00,4.135209904607008990e-01,5.117286515164541916e-01
1.845790737770457157e-01,-7.203116409097585215e-01,1.070849585431458584e+00,2.693353348454039065e+00,-9.716012929807649190e-02
1.087326170916167012e+00,6.863557495692728105e-01,-5.443969615346229141e-01,9.872622622479654275e-02,-1.063761072885055503e-01
-4.509158562337490794e-01,9.651207760736022490e-01,-1.401003559706904378e+00,-9.439357810899418055e-01,-1.324083792645687430e+00
-1.411220068844318831e+00,-1.727286605987687684e+00,-7.805385176642760658e-01,1.343467040823768111e+00,1.223253514806369679e+00
1.020639058192441828e+00,2.170732139301969621e+00,-3.626240679069133721e-01,-1.313428344787342716e+00,9.809892083588622747e-01
1.058493483409901792e+00,7.934362903402738532e-01,-1.960226349358114240e+00,2.512531599968871987e+00,-1.077274722491977199e+00
1.330161536345105144e+00,-1.474092130914272269e+00,-1.451781218009734697e+00,1.777763702361074394e+00,1.857988266844091685e-01
2.862316872500652032e+00,-3.175008078475333173e-01,-5.702098339549734884e-01,-1.248992251312245783e+00,-1.535019557166900528e+00
4.414042627428838017e-01,-9.527356405881016732e-01,-4.230242291823700373e-01,1.915994899131480800e+00,-4.162260252330577392e-01
1.236155295706081736e+00,-3.300894943374619306e-01,-1.771622207695066065e-01,1.324855375180710171e-01,2.066405484185724895e+00
8.105289180403651983e-01,1.652812860031498410e+00,-6.321103651924395717e-01,-7.935984610720770993e-01,6.515580427194365143e-01
-6.553916591993098617e-01,1.550471341543067538e+00,-1.971770952260253562e+00,-6.203151668737274527e-01,-1.471146280837288156e+00
-1.907954515875459611e+00,-1.062756388643384842e+00,1.208833075030879334e+00,-5.730805788949565605e-01,-5.590520332429163020e-01
-1.404069501256267838e+00,-1.406027788540137990e+00,4.413787783345513027e-02,4.203926025845675651e-01,-7.283621208613092479e-01
1.185590660354481463e+00,-4.393114805603115514e-03,-5.609862005488357450e-01,1.099472256014301763e+00,1.162616823299787328e+00
3.220318542193423283e-02,2.578538031161192290e+00,-1.442162446318867586e-01,4.143211460839790750e-02,-1.080583808539110624e+00
-1.225532282752448410e+00,4.020498874592585148e-01,7.676787888123950410e-01,3.953399151165569059e+00,3.561651461475854319e-01
1.242854503799982080e+00,1.789155931111859332e-01,-6.488764822664248033e-01,1.217476126263090430e+00,1.873880228871009024e+00
2.675515999117853427e-01,-1.458337520957116995e-01,2.024045578839598125e+00,-5.689436036142256903e-01,5.714614996734344032e-01
5.831790328875015028e-01,-1.873423503556899128e+00,-1.089886124742493800e+00,2.063239385363877076e+00,7.430633469492085030e-01
1.120865261921752065e+00,-1.710518878591984482e-01,-1.091175089272728549e+00,-2.563162162626235752e+00,-1.474127388253655857e+00
1.585242409284380871e-01,-1.719103176289351165e+00,1.188347804044895817e+00,1.001201109039363102e+00,-7.918069783186512112e-01
6.285338818255361559e-01,1.400658612348050447e+00,-2.136243974590086303e-01,1.362952599228612005e+00,1.386665902796967886e+00
8.743676449833019948e-01,2.437822015266391418e+00,5.710119418332220143e-01,-2.976717626648217596e-01,4.153892973056250160e-01
-2.168992929034207151e+00,-1.903268183431497673e-01,9.874379590635939952e-01,1.857310150113076208e+00,-3.695860835378318443e-01
-2.051670200439189795e+00,7.431216601062984317e-02,2.236408705344521408e+00,-1.104253632158058052e+00,1.474421418783030124e-01
-2.176089623067002154e+00,1.330268277615373806e+00,2.226214736181905351e+00,-2.123247132612160470e+00,1.054274382643207275e+00
-1.279857408325407730e+00,2.196355249660402187e+00,-8.144184802805192191e-01,-1.634504621710284544e+00,-5.547758425496064350e-01
-1.771508151507805273e+00,1.520706029052139474e+00,1.469743948700655611e+00,-1.143230540516853910e+00,-9.642813293763390359e-01
-2.417418158590203703e+00,9.304954994481592356e-01,-5.647066897623695958e-01,1.315319453924368442e-01,1.859167687269244862e+00
2.600871677063585796e+00,2.762388682166470044e-01,-3.210819500105316360e-01,9.109171742686088535e-01,2.368917029559072240e+00
8.532531928022376588e-01,-5.116534100410757846e-01,-1.111684182839813628e+00,-3.668685056336508099e-01,-2.116589790972379426e+00
-1.904125688117037862e+00,-2.843850270617541698e-01,9.753868960543838895e-01,-1.400450208234301108e+00,-4.497604082475650245e-01
9.256197826402579043e-01,-1.215232374322327003e+00,-1.488559651820013485e+00,1.995668163574169540e+00,1.849630165414655858e+00
1.245761292549333543e+00,2.615482373646997871e+00,1.146884393498973198e+00,-3.415910963541819889e+00,3.562850532311255813e-01
-2.152184868373679283e+00,-1.384480302793066997e+00,-1.893013029191373597e+00,2.220827132552185113e+00,-1.724699505627808271e+00
1.678032344616877003e+00,-1.736743651617731921e+00,-3.085276704120828439e-01,1.949899568980056008e+00,1.052309519853035225e-01
1.113651797988994829e-01,-1.341007399221398444e+00,-1.300330602440238792e+00,6.421352574768968147e-01,-1.447993921465512424e+00
7.557154406777495392e-01,-4.137533522143987952e-01,1.098348278840915349e+00,1.389543516747788532e+00,-1.471181906120262450e+00
-2.063766846821968759e+00,-1.129941920401706490e+00,-1.994790095585694756e+00,9.780381460238870561e-01,1.783337413299350249e+00
3.149545086736137200e+00,2.837836072219056538e-01,2.180871066040996009e+00,-9.800717123294168109e-01,-3.171808199719063914e-01
-9.486229293806405227e-01,-2.852519261887738189e+00,2.800244946128292445e-01,6.601663840122505844e-01,-3.979279943208895443e-01
1.772539923575704002e+00,1.031148848250940109e+00,1.357391381088883797e+00,-5.612934637439732644e-01,-1.151327868071673199e+00
-2.506329428399668657e+00,2.453377482128316078e-01,-2.365988548052513796e+00,7.416648974771370417e-01,9.230393171608202163e-01
5.785637733581449060e-01,3.173259467157075520e+00,1.683845762556927861e+00,-3.189993677888498524e+00,-4.355845632181587490e-02
-1.395916739351867442e+00,-1.125445069869721593e-01,8.386473905464082446e-01,3.116022956424183477e+00,9.468482246669043256e-01
-2.287479137072992996e-01,3.450274506272108965e+00,-1.162379421837112403e+00,-1.252785374622678027e+00,7.222970664423075116e-01
1.438531705385521497e-01,7.446006917010510318e-01,1.512231184645159932e+00,2.167171234681070757e+00,1.718300448499522126e+00
-9.085491004988440755e-01,3.707229819444212815e+00,6.713351633092008441e-01,4.443816778273610990e-01,9.004790460967115884e-02
-2.683855936210408188e+00,-2.969894489923410319e-01,-6.957459942828919663e-01,1.524437347965328149e+00,2.904475615419952028e+00
3.523636275911076421e+00,9.472812075231300533e-01,3.006208580504194483e+00,-3.195276399727269734e+00,-2.279556764077457220e-01
-2.379450535377367615e+00,-9.194859523319339756e-01,-1.146338282808021303e+00,-6.671085308354509635e-01,-1.724504024323193052e+00
1.483583677678298240e+00,9.104832897218056997e-01,-1.521972881824791735e+00,7.395638756964321159e-01,1.327358092842923609e+00
5.178637616753489770e-01,2.079375480524127795e+00,-1.865562112479602241e+00,-1.500780620647583774e+00,9.211373605126050856e-01
-5.504693643142242188e-01,1.779255507152637694e+00,7.636477439852300542e-01,-1.849536509763721970e+00,3.749940358517671601e-01
-1.212652431360090599e-01,1.250685087743606205e+00,8.819090848453067233e-01,-4.630172459944230101e-01,-7.578000154016855117e-01
-4.280701535971552785e-01,9.728652305904009756e-01,9.749828265701272478e-01,2.138808929065420195e+00,1.790396208635394615e+00
1.299307114943127450e+00,3.060831085390545159e+00,7.527956017932422306e-01,1.383358381976105944e+00,9.180411414809487303e-01
-4.564834179581067630e-02,1.125296085240612864e+00,-1.100500648011642602e+00,1.702932448373557950e+00,3.732297558115512670e-01
1.527309314589792244e+00,1.391002692829998111e+00,1.608316781332664425e+00,1.609548474665778439e+00,1.594616336088463537e-01
-3.551737965226924310e-01,9.750441476303475241e-01,2.831218233411713081e-01,3.304498376913686641e+00,-1.050437838336020224e-01
-1.297378495973840584e+00,1.599505120200383490e-01,-9.580181311452629078e-01,2.641821576318711173e+00,1.213536660899452002e+00
2.011187921434823611e+00,1.213971003007017879e+00,5.983700433682186404e-01,-1.041895624341455884e+00,2.417434250306929044e-01
6.147692547109261385e-01,-1.675708279357013275e+00,4.463345563396233784e-01,1.629170946136776488e-01,-1.718334636780891822e+00
3.405367024499077466e-01,-3.543394017341789937e-01,7.069139974880342958e-01,1.114948432113955556e+00,3.172378536949733707e-01
-1.003195140203909208e+00,7.889394878831086366e-01,-4.645661599146166942e-02,-1.115205440515805835e+00,1.667516105903082746e+00
-7.746947612095159696e-01,2.274568858335781041e+00,2.081762763738387534e+00,-2.957062309778320852e+00,8.895843922689881111e-01
-2.487235038627017669e+00,2.123988040682462497e+00,7.745211644099194714e-01,6.500562701373625574e-01,9.249453631060527981e-01
-1.174586283549234222e+00,1.153757979282351576e+00,-7.391313098272247473e-01,1.895016640707330779e+00,1.153970519476122725e+00
1.432095883844248352e+00,1.595325303245280324e+00,2.319353676155579080e+00,1.240785379098947372e+00,1.439597321678228736e-01
-2.678426367976818767e+00,2.021630877347716737e+00,5.516505421256945318e-02,2.398210757236425295e-01,-5.710292706981383581e-01
-2.377931278133461390e+00,6.686174135648309536e-01,2.028550056878286600e+00,1.743538551944114445e+00,2.975893161386036212e+00
-1.778164486099499952e-01,1.648518080668211372e+00,1.648691145938118718e-01,-1.791679422942087818e+00,4.939733443291718928e-01
9.348348324535713516e-01,-2.269054588748760537e+00,2.525498946028696956e-01,1.955941913249130248e+00,-1.479663199791379169e+00
-5.491116993849551875e-01,-1.804840017569278920e+00,-1.382015357820812529e+00,8.124629655869215483e-01,1.771257145593308491e-01
1.402250681583122605e-01,-2.860727227047493160e-01,1.138312435965222802e+00,-2.913972098323621918e+00,-1.485012322353689296e+00
-2.263108831577872238e+00,-1.002852866866802195e+00,-1.053072324949839267e+00,-1.127293516035116960e+00,-2.440998429241282297e-01
1.810613126426243502e+00,1.660855799005578337e+00,8.747262381377289842e-01,-2.217924485645833776e+00,1.029884083646650073e+00
-1.470717681851684944e+00,1.679869842425739002e+00,-2.437596098330672700e-01,-1.249883486709859604e+00,-1.770046452373825296e+00
-2.596274550273333315e+00,-1.302070356350453650e+00,-9.788315870407389152e-01,2.538995285327473095e+00,-1.025610940163492746e-01
2.082412399563835059e+00,-1.012530708618451847e+00,3.111574504371004135e-01,-5.490852597193043305e-01,5.254196525158485453e-01
1.514575305412031891e+00,-2.087672015237742873e-01,1.035506699261395935e+00,-1.733878549561209015e+00,-2.709576540839023551e+00
-2.552602867343546134e+00,-2.621392939702356095e+00,-2.472782877625200992e+00,2.758124495925441622e+00,2.691346431685963658e-01
1.083868262194135790e+00,7.564021217460512592e-01,1.296403358226050129e+00,-3.305343021443862828e+00,1.769593133889658443e+00
1.104256058497139925e+00,-2.105674382116308196e-01,-8.569780333146334028e-01,-1.266274289457643309e+00,-5.135526970495141175e-01
1.934324250664787748e+00,3.717309534273101068e-01,-2.170813395189366446e+00,1.218421395988861011e+00,2.734861102986015924e-01
4.750127952809385379e-02,1.722602634053618686e+00,-5.162341178803973030e-01,-1.377760436667373689e+00,-1.324638579122498605e+00
-2.640984936596631805e+00,-1.611527065196258546e+00,9.369738376643172995e-01,2.199273882865798946e+00,-5.755573966682849818e-01
-1.136981072264193759e+00,-5.516773491909017224e-01,1.211938152226338383e-02,-1.166770129435939163e+00,2.822398247832139662e-01
-7.402565474976934290e-01,8.847472133194606014e-01,2.040786682889641934e+00,-2.870867255929644202e+00,-1.611259565772199309e+00
